OF_id,fornecedor,data_emissao,prazo_entrega,data_entrega_real,valor,categoria
1,Fornecedor_3,2023-02-07,2023-02-21,2023-02-19,17848.33,Medicamentos
2,Fornecedor_1,2023-08-24,2023-09-02,2023-09-01,45541.23,Equipamentos
3,Fornecedor_18,2023-03-14,2023-03-27,2023-04-01,19628.34,Tecnologia
4,Fornecedor_5,2023-09-13,2023-10-06,2023-10-09,34143.04,Insumos
5,Fornecedor_1,2023-07-23,2023-08-07,2023-08-06,42949.85,Medicamentos
6,Fornecedor_19,2023-05-14,2023-05-22,2023-05-21,34779.53,Equipamentos
7,Fornecedor_1,2023-12-02,2023-12-21,2023-12-21,9905.22,Insumos
8,Fornecedor_20,2023-05-25,2023-06-10,2023-06-08,37613.1,Equipamentos
9,Fornecedor_9,2023-05-10,2023-05-24,2023-05-25,3615.62,Insumos
10,Fornecedor_8,2023-03-13,2023-03-28,2023-03-26,38728.83,Equipamentos
11,Fornecedor_17,2023-08-26,2023-09-02,2023-09-02,40950.44,Insumos
12,Fornecedor_6,2023-10-09,2023-10-25,2023-10-24,6188.12,Insumos
13,Fornecedor_14,2023-06-28,2023-07-19,2023-07-18,44995.0,Insumos
14,Fornecedor_5,2023-10-04,2023-10-22,2023-10-21,34496.86,Equipamentos
15,Fornecedor_8,2023-09-12,2023-09-27,2023-09-27,31083.03,Equipamentos
16,Fornecedor_10,2023-12-24,2024-01-01,2024-01-06,48648.6,Insumos
17,Fornecedor_20,2023-09-10,2023-09-26,2023-09-28,33537.94,Equipamentos
18,Fornecedor_5,2023-06-06,2023-06-21,2023-06-26,19489.54,Equipamentos
19,Fornecedor_11,2023-02-20,2023-02-27,2023-02-27,24402.36,Medicamentos
20,Fornecedor_20,2023-03-10,2023-03-27,2023-03-25,10122.28,Insumos
21,Fornecedor_12,2023-08-04,2023-08-19,2023-08-19,17527.0,Tecnologia
22,Fornecedor_19,2023-08-30,2023-09-22,2023-09-27,46523.89,Tecnologia
23,Fornecedor_13,2023-12-19,2024-01-01,2023-12-31,31704.56,Equipamentos
24,Fornecedor_17,2023-03-28,2023-04-02,2023-04-06,13350.54,Tecnologia
25,Fornecedor_13,2023-05-22,2023-06-09,2023-06-13,35235.89,Equipamentos
26,Fornecedor_3,2023-01-08,2023-01-31,2023-01-31,15708.09,Insumos
27,Fornecedor_1,2023-11-16,2023-11-27,2023-11-27,33306.52,Medicamentos
28,Fornecedor_4,2023-11-14,2023-11-30,2023-12-02,17799.01,Medicamentos
29,Fornecedor_15,2023-01-23,2023-02-16,2023-02-17,8699.97,Equipamentos
30,Fornecedor_1,2023-11-10,2023-11-27,2023-11-25,46758.13,Equipamentos
31,Fornecedor_18,2023-01-02,2023-01-11,2023-01-16,14390.22,Tecnologia
32,Fornecedor_7,2023-11-13,2023-12-01,2023-11-30,31683.82,Equipamentos
33,Fornecedor_19,2023-07-29,2023-08-11,2023-08-12,47092.11,Medicamentos
34,Fornecedor_11,2023-09-22,2023-09-30,2023-09-30,27559.57,Equipamentos
35,Fornecedor_3,2023-08-05,2023-08-15,2023-08-14,13526.48,Equipamentos
36,Fornecedor_5,2023-05-22,2023-05-29,2023-06-02,32224.73,Equipamentos
37,Fornecedor_18,2023-04-26,2023-05-01,2023-04-30,39358.44,Equipamentos
38,Fornecedor_17,2023-05-02,2023-05-14,2023-05-14,31060.26,Medicamentos
39,Fornecedor_17,2023-01-31,2023-02-13,2023-02-19,40350.7,Medicamentos
40,Fornecedor_20,2023-03-13,2023-03-19,2023-03-18,2570.78,Equipamentos
41,Fornecedor_3,2023-02-19,2023-02-28,2023-02-26,31717.74,Insumos
42,Fornecedor_6,2023-11-10,2023-11-21,2023-11-20,19754.11,Medicamentos
43,Fornecedor_10,2023-01-04,2023-01-10,2023-01-10,13974.19,Tecnologia
44,Fornecedor_14,2023-10-08,2023-10-22,2023-10-24,14010.12,Medicamentos
45,Fornecedor_13,2023-02-13,2023-02-21,2023-02-27,26921.55,Tecnologia
46,Fornecedor_8,2023-03-18,2023-04-06,2023-04-12,25397.33,Insumos
47,Fornecedor_5,2023-01-27,2023-02-04,2023-02-02,31722.24,Insumos
48,Fornecedor_8,2023-11-05,2023-11-29,2023-11-27,11513.08,Insumos
49,Fornecedor_10,2023-12-03,2023-12-21,2023-12-22,27698.28,Tecnologia
50,Fornecedor_19,2023-04-20,2023-05-14,2023-05-13,32252.78,Insumos
51,Fornecedor_14,2023-10-25,2023-11-03,2023-11-01,36706.76,Equipamentos
52,Fornecedor_18,2023-01-16,2023-02-05,2023-02-10,36708.48,Equipamentos
53,Fornecedor_14,2023-03-06,2023-03-22,2023-03-21,25212.41,Insumos
54,Fornecedor_6,2023-07-16,2023-07-25,2023-07-28,21030.21,Equipamentos
55,Fornecedor_15,2023-01-26,2023-02-12,2023-02-10,5349.73,Medicamentos
56,Fornecedor_11,2023-08-15,2023-08-26,2023-08-26,20976.82,Tecnologia
57,Fornecedor_10,2023-10-10,2023-11-03,2023-11-07,26763.06,Tecnologia
58,Fornecedor_2,2023-06-03,2023-06-24,2023-06-24,12588.52,Medicamentos
59,Fornecedor_4,2023-04-15,2023-05-05,2023-05-04,18058.07,Tecnologia
60,Fornecedor_8,2023-01-23,2023-02-01,2023-01-31,7098.91,Tecnologia
61,Fornecedor_8,2023-09-23,2023-10-08,2023-10-06,46893.62,Tecnologia
62,Fornecedor_10,2023-07-15,2023-07-26,2023-07-24,48697.64,Equipamentos
63,Fornecedor_14,2023-05-07,2023-05-16,2023-05-22,36765.42,Equipamentos
64,Fornecedor_1,2023-10-07,2023-10-15,2023-10-19,28498.68,Insumos
65,Fornecedor_17,2023-12-23,2023-12-28,2023-12-30,29507.56,Tecnologia
66,Fornecedor_14,2023-06-05,2023-06-16,2023-06-14,22194.23,Medicamentos
67,Fornecedor_14,2023-11-10,2023-12-03,2023-12-03,47769.19,Insumos
68,Fornecedor_20,2023-03-25,2023-04-08,2023-04-12,19234.35,Tecnologia
69,Fornecedor_3,2023-06-16,2023-07-09,2023-07-09,36756.07,Equipamentos
70,Fornecedor_2,2023-05-17,2023-06-07,2023-06-06,44149.89,Insumos
71,Fornecedor_12,2023-10-16,2023-10-31,2023-10-30,20991.12,Medicamentos
72,Fornecedor_13,2023-09-24,2023-10-16,2023-10-16,12164.96,Insumos
73,Fornecedor_2,2023-10-07,2023-10-30,2023-11-05,33005.0,Equipamentos
74,Fornecedor_17,2023-05-24,2023-05-29,2023-05-28,35932.34,Medicamentos
75,Fornecedor_6,2023-08-28,2023-09-08,2023-09-14,39504.96,Equipamentos
76,Fornecedor_19,2023-03-29,2023-04-16,2023-04-15,20004.72,Medicamentos
77,Fornecedor_4,2023-10-09,2023-10-14,2023-10-12,41038.1,Tecnologia
78,Fornecedor_2,2023-09-01,2023-09-06,2023-09-04,43987.89,Tecnologia
79,Fornecedor_12,2023-12-15,2024-01-07,2024-01-07,45622.79,Equipamentos
80,Fornecedor_19,2023-03-16,2023-03-22,2023-03-21,25968.37,Medicamentos
81,Fornecedor_4,2023-07-10,2023-07-20,2023-07-18,21377.6,Tecnologia
82,Fornecedor_9,2023-10-30,2023-11-17,2023-11-17,2172.04,Tecnologia
83,Fornecedor_13,2023-08-05,2023-08-18,2023-08-17,6861.65,Medicamentos
84,Fornecedor_6,2023-06-01,2023-06-24,2023-06-22,24442.4,Tecnologia
85,Fornecedor_9,2023-07-03,2023-07-26,2023-07-28,25517.1,Tecnologia
86,Fornecedor_16,2023-11-18,2023-11-29,2023-11-29,12674.39,Equipamentos
87,Fornecedor_11,2023-11-30,2023-12-22,2023-12-27,40067.1,Tecnologia
88,Fornecedor_10,2023-09-17,2023-10-10,2023-10-10,11608.93,Tecnologia
89,Fornecedor_11,2023-09-11,2023-09-22,2023-09-20,38313.12,Insumos
90,Fornecedor_20,2023-09-20,2023-09-29,2023-10-03,23046.39,Equipamentos
91,Fornecedor_15,2023-02-22,2023-03-04,2023-03-06,49928.48,Equipamentos
92,Fornecedor_8,2023-01-03,2023-01-10,2023-01-08,26607.19,Equipamentos
93,Fornecedor_6,2023-03-18,2023-04-11,2023-04-11,9258.94,Insumos
94,Fornecedor_13,2023-05-30,2023-06-08,2023-06-11,25124.93,Medicamentos
95,Fornecedor_2,2023-07-23,2023-08-14,2023-08-13,30896.38,Tecnologia
96,Fornecedor_4,2023-09-21,2023-10-09,2023-10-08,43755.72,Tecnologia
97,Fornecedor_15,2023-03-19,2023-04-03,2023-04-03,12969.0,Insumos
98,Fornecedor_2,2023-07-20,2023-08-13,2023-08-19,17473.15,Insumos
99,Fornecedor_14,2023-03-17,2023-04-08,2023-04-14,44782.04,Medicamentos
100,Fornecedor_1,2023-11-29,2023-12-04,2023-12-06,22521.38,Equipamentos
101,Fornecedor_7,2023-02-13,2023-02-26,2023-02-26,39838.89,Tecnologia
102,Fornecedor_6,2023-01-21,2023-02-03,2023-02-01,27544.71,Insumos
103,Fornecedor_14,2023-01-31,2023-02-19,2023-02-17,36442.41,Tecnologia
104,Fornecedor_1,2023-02-06,2023-02-15,2023-02-17,41684.9,Equipamentos
105,Fornecedor_9,2023-12-26,2024-01-18,2024-01-16,22087.85,Equipamentos
106,Fornecedor_16,2023-09-21,2023-10-03,2023-10-01,42312.35,Tecnologia
107,Fornecedor_20,2023-10-29,2023-11-13,2023-11-12,29408.42,Tecnologia
108,Fornecedor_9,2023-02-27,2023-03-17,2023-03-16,17326.29,Medicamentos
109,Fornecedor_17,2023-08-29,2023-09-14,2023-09-15,8251.62,Equipamentos
110,Fornecedor_6,2023-07-30,2023-08-14,2023-08-12,38952.19,Tecnologia
111,Fornecedor_7,2023-04-07,2023-04-22,2023-04-26,9251.58,Insumos
112,Fornecedor_17,2023-09-27,2023-10-17,2023-10-20,48142.7,Medicamentos
113,Fornecedor_17,2023-01-11,2023-01-20,2023-01-18,3257.6,Tecnologia
114,Fornecedor_12,2023-10-07,2023-10-23,2023-10-28,26992.96,Tecnologia
115,Fornecedor_15,2023-12-04,2023-12-22,2023-12-27,14101.19,Equipamentos
116,Fornecedor_19,2023-06-02,2023-06-13,2023-06-13,29694.94,Equipamentos
117,Fornecedor_17,2023-07-22,2023-07-29,2023-07-27,31488.79,Equipamentos
118,Fornecedor_4,2023-05-29,2023-06-06,2023-06-04,43311.6,Medicamentos
119,Fornecedor_17,2023-05-21,2023-06-05,2023-06-05,35422.53,Tecnologia
120,Fornecedor_6,2023-07-13,2023-07-22,2023-07-21,36640.21,Equipamentos
121,Fornecedor_1,2023-04-05,2023-04-13,2023-04-11,8155.09,Insumos
122,Fornecedor_4,2023-03-02,2023-03-12,2023-03-18,49178.28,Tecnologia
123,Fornecedor_1,2023-06-02,2023-06-25,2023-06-25,2165.43,Insumos
124,Fornecedor_4,2023-12-05,2023-12-16,2023-12-16,13183.58,Insumos
125,Fornecedor_19,2023-12-20,2024-01-07,2024-01-06,32142.17,Equipamentos
126,Fornecedor_2,2023-05-11,2023-05-30,2023-05-28,10828.51,Equipamentos
127,Fornecedor_3,2023-08-09,2023-08-28,2023-08-27,8164.59,Insumos
128,Fornecedor_15,2023-04-14,2023-04-28,2023-04-28,32417.68,Insumos
129,Fornecedor_14,2023-12-21,2024-01-01,2024-01-07,44243.96,Medicamentos
130,Fornecedor_17,2023-09-24,2023-10-15,2023-10-19,12955.96,Equipamentos
131,Fornecedor_1,2023-07-02,2023-07-10,2023-07-11,7745.01,Medicamentos
132,Fornecedor_4,2023-12-19,2023-12-31,2023-12-31,46426.27,Medicamentos
133,Fornecedor_10,2023-12-05,2023-12-16,2023-12-14,8686.46,Insumos
134,Fornecedor_11,2023-07-18,2023-07-23,2023-07-22,14589.46,Medicamentos
135,Fornecedor_18,2023-07-14,2023-08-06,2023-08-05,4706.05,Equipamentos
136,Fornecedor_13,2023-11-24,2023-12-08,2023-12-07,11124.18,Medicamentos
137,Fornecedor_11,2023-06-26,2023-07-10,2023-07-09,20345.45,Tecnologia
138,Fornecedor_11,2023-02-24,2023-03-04,2023-03-02,32062.94,Equipamentos
139,Fornecedor_18,2023-01-16,2023-02-08,2023-02-08,14287.93,Medicamentos
140,Fornecedor_2,2023-06-20,2023-07-10,2023-07-15,17103.09,Tecnologia
141,Fornecedor_9,2023-01-21,2023-01-27,2023-01-27,43150.42,Insumos
142,Fornecedor_19,2023-04-29,2023-05-11,2023-05-10,40532.05,Medicamentos
143,Fornecedor_11,2023-10-06,2023-10-19,2023-10-19,11053.02,Tecnologia
144,Fornecedor_7,2023-04-25,2023-05-07,2023-05-07,19497.13,Insumos
145,Fornecedor_13,2023-04-08,2023-05-02,2023-05-05,27096.26,Equipamentos
146,Fornecedor_16,2023-07-01,2023-07-07,2023-07-06,23665.37,Equipamentos
147,Fornecedor_20,2023-12-07,2023-12-19,2023-12-18,14239.21,Equipamentos
148,Fornecedor_11,2023-01-11,2023-01-19,2023-01-23,2120.36,Equipamentos
149,Fornecedor_12,2023-04-07,2023-04-19,2023-04-17,44181.94,Tecnologia
150,Fornecedor_13,2023-07-03,2023-07-17,2023-07-16,22328.48,Equipamentos
151,Fornecedor_8,2023-11-14,2023-12-08,2023-12-08,7955.99,Tecnologia
152,Fornecedor_19,2023-02-26,2023-03-11,2023-03-09,17369.92,Tecnologia
153,Fornecedor_12,2023-08-06,2023-08-18,2023-08-16,26004.48,Insumos
154,Fornecedor_11,2023-08-20,2023-08-29,2023-08-29,2282.29,Medicamentos
155,Fornecedor_10,2023-04-07,2023-04-25,2023-04-29,29780.87,Tecnologia
156,Fornecedor_16,2023-01-26,2023-02-09,2023-02-07,17740.28,Insumos
157,Fornecedor_16,2023-05-22,2023-06-11,2023-06-11,31815.16,Equipamentos
158,Fornecedor_13,2023-08-01,2023-08-20,2023-08-20,11558.04,Insumos
159,Fornecedor_17,2023-04-27,2023-05-02,2023-04-30,10716.22,Medicamentos
160,Fornecedor_10,2023-10-27,2023-11-20,2023-11-19,20862.08,Insumos
161,Fornecedor_19,2023-05-15,2023-06-08,2023-06-12,2976.63,Equipamentos
162,Fornecedor_17,2023-07-25,2023-07-31,2023-07-30,25483.75,Tecnologia
163,Fornecedor_12,2023-07-04,2023-07-17,2023-07-21,24201.39,Insumos
164,Fornecedor_10,2023-01-25,2023-02-13,2023-02-14,32982.69,Tecnologia
165,Fornecedor_7,2023-05-18,2023-06-02,2023-06-02,23136.22,Insumos
166,Fornecedor_5,2023-07-19,2023-08-08,2023-08-08,13658.17,Equipamentos
167,Fornecedor_13,2023-11-06,2023-11-29,2023-11-28,13299.7,Tecnologia
168,Fornecedor_17,2023-11-22,2023-11-30,2023-12-03,15391.45,Equipamentos
169,Fornecedor_5,2023-12-24,2024-01-01,2024-01-04,37791.87,Insumos
170,Fornecedor_6,2023-09-06,2023-09-18,2023-09-16,44966.61,Insumos
171,Fornecedor_6,2023-01-22,2023-02-06,2023-02-05,46741.48,Insumos
172,Fornecedor_6,2023-10-24,2023-11-08,2023-11-07,2233.86,Equipamentos
173,Fornecedor_2,2023-03-19,2023-04-01,2023-04-01,38402.59,Equipamentos
174,Fornecedor_19,2023-08-08,2023-08-25,2023-08-24,19603.14,Medicamentos
175,Fornecedor_5,2023-06-27,2023-07-20,2023-07-26,13650.14,Tecnologia
176,Fornecedor_18,2023-10-31,2023-11-12,2023-11-14,34590.26,Insumos
177,Fornecedor_19,2023-02-15,2023-02-28,2023-02-26,32486.0,Insumos
178,Fornecedor_8,2023-12-10,2023-12-29,2023-12-28,38162.24,Medicamentos
179,Fornecedor_7,2023-05-25,2023-06-01,2023-05-31,21857.16,Tecnologia
180,Fornecedor_10,2023-08-23,2023-08-31,2023-09-01,26191.18,Tecnologia
181,Fornecedor_8,2023-02-15,2023-03-08,2023-03-07,40690.51,Insumos
182,Fornecedor_16,2023-11-19,2023-12-04,2023-12-03,27039.65,Equipamentos
183,Fornecedor_16,2023-10-30,2023-11-08,2023-11-08,14876.62,Insumos
184,Fornecedor_14,2023-03-05,2023-03-26,2023-03-24,42405.34,Equipamentos
185,Fornecedor_12,2023-11-28,2023-12-18,2023-12-18,43213.36,Equipamentos
186,Fornecedor_3,2023-02-05,2023-02-20,2023-02-20,4420.51,Equipamentos
187,Fornecedor_4,2023-02-03,2023-02-10,2023-02-13,45299.65,Medicamentos
188,Fornecedor_7,2023-05-11,2023-05-29,2023-05-31,32358.16,Tecnologia
189,Fornecedor_6,2023-03-25,2023-04-14,2023-04-20,44142.1,Tecnologia
190,Fornecedor_8,2023-02-18,2023-03-03,2023-03-04,32803.96,Medicamentos
191,Fornecedor_17,2023-11-07,2023-11-15,2023-11-16,11298.25,Tecnologia
192,Fornecedor_15,2023-10-16,2023-11-06,2023-11-05,48662.68,Medicamentos
193,Fornecedor_13,2023-09-11,2023-10-01,2023-09-30,28045.59,Medicamentos
194,Fornecedor_9,2023-06-06,2023-06-25,2023-06-23,17864.23,Equipamentos
195,Fornecedor_11,2023-02-25,2023-03-19,2023-03-18,15000.56,Insumos
196,Fornecedor_11,2023-07-30,2023-08-19,2023-08-19,37752.03,Medicamentos
197,Fornecedor_16,2023-10-15,2023-10-23,2023-10-21,26850.32,Equipamentos
198,Fornecedor_10,2023-01-29,2023-02-12,2023-02-12,9788.96,Medicamentos
199,Fornecedor_7,2023-08-11,2023-08-30,2023-08-29,45478.8,Insumos
200,Fornecedor_15,2023-11-27,2023-12-04,2023-12-07,47946.82,Insumos
201,Fornecedor_8,2023-05-17,2023-06-03,2023-06-06,14196.76,Equipamentos
202,Fornecedor_4,2023-04-20,2023-04-25,2023-04-30,29438.5,Insumos
203,Fornecedor_8,2023-04-10,2023-04-16,2023-04-14,10293.25,Equipamentos
204,Fornecedor_20,2023-02-02,2023-02-09,2023-02-15,15714.39,Insumos
205,Fornecedor_19,2023-01-09,2023-01-27,2023-01-27,45458.11,Medicamentos
206,Fornecedor_16,2023-03-26,2023-04-11,2023-04-14,29687.81,Tecnologia
207,Fornecedor_19,2023-02-20,2023-03-16,2023-03-17,29332.36,Equipamentos
208,Fornecedor_16,2023-03-21,2023-04-06,2023-04-04,45295.28,Insumos
209,Fornecedor_8,2023-06-19,2023-07-03,2023-07-02,6683.97,Tecnologia
210,Fornecedor_10,2023-11-17,2023-12-07,2023-12-07,39658.12,Medicamentos
211,Fornecedor_16,2023-04-19,2023-05-07,2023-05-07,20160.98,Tecnologia
212,Fornecedor_18,2023-07-31,2023-08-13,2023-08-11,22535.14,Tecnologia
213,Fornecedor_14,2023-01-25,2023-02-05,2023-02-03,43411.58,Equipamentos
214,Fornecedor_20,2023-04-24,2023-05-14,2023-05-15,31089.69,Equipamentos
215,Fornecedor_6,2023-10-04,2023-10-18,2023-10-19,21466.75,Medicamentos
216,Fornecedor_14,2023-02-14,2023-03-05,2023-03-04,17308.92,Insumos
217,Fornecedor_11,2023-09-29,2023-10-22,2023-10-21,30267.62,Insumos
218,Fornecedor_13,2023-06-08,2023-06-14,2023-06-18,29901.81,Equipamentos
219,Fornecedor_13,2023-10-03,2023-10-14,2023-10-14,24030.46,Insumos
220,Fornecedor_19,2023-09-09,2023-09-25,2023-09-23,18157.91,Insumos
221,Fornecedor_12,2023-06-04,2023-06-23,2023-06-27,37058.45,Insumos
222,Fornecedor_11,2023-08-24,2023-09-07,2023-09-05,9493.98,Equipamentos
223,Fornecedor_17,2023-03-28,2023-04-12,2023-04-11,7527.35,Tecnologia
224,Fornecedor_8,2023-08-16,2023-08-24,2023-08-27,48289.89,Medicamentos
225,Fornecedor_19,2023-02-23,2023-03-17,2023-03-16,2149.34,Tecnologia
226,Fornecedor_2,2023-09-01,2023-09-21,2023-09-20,10002.65,Insumos
227,Fornecedor_9,2023-10-18,2023-10-26,2023-10-27,43741.48,Tecnologia
228,Fornecedor_9,2023-04-11,2023-05-01,2023-05-01,26180.35,Insumos
229,Fornecedor_4,2023-08-17,2023-08-28,2023-08-30,14557.32,Insumos
230,Fornecedor_13,2023-10-16,2023-10-31,2023-10-29,14082.28,Tecnologia
231,Fornecedor_12,2023-10-08,2023-10-18,2023-10-17,24031.01,Tecnologia
232,Fornecedor_6,2023-07-31,2023-08-18,2023-08-19,20959.38,Tecnologia
233,Fornecedor_3,2023-08-18,2023-09-06,2023-09-05,27275.98,Insumos
234,Fornecedor_4,2023-04-05,2023-04-25,2023-04-25,4001.0,Insumos
235,Fornecedor_17,2023-06-16,2023-06-25,2023-06-23,23642.85,Equipamentos
236,Fornecedor_17,2023-06-25,2023-07-16,2023-07-20,41917.57,Equipamentos
237,Fornecedor_4,2023-08-20,2023-09-13,2023-09-12,13085.2,Insumos
238,Fornecedor_18,2023-03-21,2023-04-04,2023-04-05,9221.15,Equipamentos
239,Fornecedor_20,2023-03-05,2023-03-29,2023-03-27,28233.21,Medicamentos
240,Fornecedor_12,2023-03-29,2023-04-21,2023-04-19,25555.53,Medicamentos
241,Fornecedor_9,2023-10-26,2023-11-14,2023-11-12,28016.66,Medicamentos
242,Fornecedor_2,2023-07-22,2023-08-02,2023-08-01,19427.52,Insumos
243,Fornecedor_15,2023-07-14,2023-07-24,2023-07-25,11184.75,Tecnologia
244,Fornecedor_11,2023-08-05,2023-08-14,2023-08-14,10675.0,Tecnologia
245,Fornecedor_13,2023-08-15,2023-09-03,2023-09-08,49912.77,Insumos
246,Fornecedor_2,2023-06-08,2023-06-20,2023-06-26,28240.86,Medicamentos
247,Fornecedor_15,2023-05-26,2023-06-02,2023-05-31,47666.67,Equipamentos
248,Fornecedor_14,2023-11-21,2023-12-09,2023-12-14,8131.68,Medicamentos
249,Fornecedor_20,2023-11-17,2023-12-02,2023-12-08,7681.83,Equipamentos
250,Fornecedor_19,2023-07-08,2023-07-30,2023-08-02,43429.34,Medicamentos
251,Fornecedor_20,2023-07-26,2023-08-01,2023-08-04,40020.01,Insumos
252,Fornecedor_10,2023-05-26,2023-06-13,2023-06-17,15148.07,Equipamentos
253,Fornecedor_13,2023-06-17,2023-07-07,2023-07-05,47709.51,Equipamentos
254,Fornecedor_14,2023-06-13,2023-07-05,2023-07-03,24518.64,Insumos
255,Fornecedor_6,2023-06-06,2023-06-12,2023-06-11,49066.12,Tecnologia
256,Fornecedor_20,2023-05-31,2023-06-16,2023-06-16,15357.68,Tecnologia
257,Fornecedor_18,2023-10-22,2023-11-07,2023-11-07,7699.06,Insumos
258,Fornecedor_7,2023-06-19,2023-06-26,2023-06-25,43840.61,Equipamentos
259,Fornecedor_16,2023-07-25,2023-08-01,2023-08-01,9329.88,Tecnologia
260,Fornecedor_11,2023-11-23,2023-11-28,2023-11-27,18914.69,Equipamentos
261,Fornecedor_1,2023-06-03,2023-06-27,2023-06-26,13653.6,Medicamentos
262,Fornecedor_20,2023-08-19,2023-09-12,2023-09-10,46334.95,Tecnologia
263,Fornecedor_10,2023-08-29,2023-09-10,2023-09-09,42661.42,Equipamentos
264,Fornecedor_19,2023-02-18,2023-02-26,2023-02-26,26575.96,Equipamentos
265,Fornecedor_9,2023-06-28,2023-07-18,2023-07-16,14529.45,Medicamentos
266,Fornecedor_6,2023-10-28,2023-11-14,2023-11-13,43126.51,Insumos
267,Fornecedor_3,2023-04-16,2023-05-05,2023-05-04,15961.28,Tecnologia
268,Fornecedor_17,2023-07-02,2023-07-13,2023-07-12,10608.8,Insumos
269,Fornecedor_10,2023-09-14,2023-09-24,2023-09-24,10473.11,Equipamentos
270,Fornecedor_4,2023-12-09,2023-12-16,2023-12-15,35657.99,Equipamentos
271,Fornecedor_5,2023-09-30,2023-10-15,2023-10-15,22098.02,Medicamentos
272,Fornecedor_11,2023-10-03,2023-10-23,2023-10-21,27204.54,Equipamentos
273,Fornecedor_11,2023-09-23,2023-10-12,2023-10-11,47268.72,Medicamentos
274,Fornecedor_15,2023-04-23,2023-04-29,2023-05-03,11070.2,Tecnologia
275,Fornecedor_13,2023-08-09,2023-08-25,2023-08-24,10910.7,Medicamentos
276,Fornecedor_16,2023-02-21,2023-03-10,2023-03-09,7744.8,Insumos
277,Fornecedor_19,2023-05-19,2023-06-08,2023-06-08,48500.9,Tecnologia
278,Fornecedor_3,2023-05-04,2023-05-27,2023-05-27,22786.82,Equipamentos
279,Fornecedor_6,2023-11-21,2023-12-09,2023-12-08,28036.38,Tecnologia
280,Fornecedor_5,2023-09-28,2023-10-04,2023-10-03,11130.66,Insumos
281,Fornecedor_19,2023-07-11,2023-07-22,2023-07-20,44809.61,Equipamentos
282,Fornecedor_6,2023-01-22,2023-01-28,2023-02-02,27494.95,Tecnologia
283,Fornecedor_20,2023-06-24,2023-07-18,2023-07-21,12318.87,Medicamentos
284,Fornecedor_5,2023-05-12,2023-05-31,2023-06-04,26967.39,Tecnologia
285,Fornecedor_20,2023-12-11,2023-12-16,2023-12-14,35793.47,Medicamentos
286,Fornecedor_19,2023-07-28,2023-08-16,2023-08-14,24491.65,Medicamentos
287,Fornecedor_1,2023-02-24,2023-03-02,2023-03-01,24673.93,Insumos
288,Fornecedor_6,2023-03-13,2023-03-30,2023-04-05,12858.58,Medicamentos
289,Fornecedor_15,2023-01-15,2023-02-05,2023-02-07,46984.36,Tecnologia
290,Fornecedor_6,2023-07-25,2023-07-30,2023-07-28,40848.22,Medicamentos
291,Fornecedor_10,2023-05-24,2023-06-11,2023-06-14,30389.6,Insumos
292,Fornecedor_11,2023-11-06,2023-11-24,2023-11-25,26764.34,Tecnologia
293,Fornecedor_3,2023-08-01,2023-08-24,2023-08-30,30952.62,Medicamentos
294,Fornecedor_18,2023-04-25,2023-05-04,2023-05-02,28181.08,Tecnologia
295,Fornecedor_17,2023-08-27,2023-09-11,2023-09-10,38885.97,Tecnologia
296,Fornecedor_19,2023-02-14,2023-03-04,2023-03-03,49123.25,Equipamentos
297,Fornecedor_18,2023-02-07,2023-02-26,2023-03-03,46605.11,Equipamentos
298,Fornecedor_5,2023-05-31,2023-06-12,2023-06-18,13500.13,Tecnologia
299,Fornecedor_11,2023-11-29,2023-12-07,2023-12-13,22686.74,Equipamentos
300,Fornecedor_2,2023-01-13,2023-01-19,2023-01-19,3177.08,Equipamentos
301,Fornecedor_17,2023-11-12,2023-11-27,2023-11-29,34421.48,Medicamentos
302,Fornecedor_16,2023-08-04,2023-08-09,2023-08-08,35379.08,Medicamentos
303,Fornecedor_6,2023-05-06,2023-05-16,2023-05-20,46942.81,Tecnologia
304,Fornecedor_7,2023-02-13,2023-03-02,2023-03-01,15209.27,Tecnologia
305,Fornecedor_2,2023-10-22,2023-11-13,2023-11-12,11582.99,Insumos
306,Fornecedor_1,2023-04-02,2023-04-17,2023-04-16,38697.49,Tecnologia
307,Fornecedor_16,2023-04-23,2023-05-12,2023-05-12,17296.42,Tecnologia
308,Fornecedor_19,2023-09-11,2023-09-20,2023-09-24,12909.31,Tecnologia
309,Fornecedor_3,2023-11-22,2023-12-15,2023-12-13,12235.86,Equipamentos
310,Fornecedor_10,2023-08-15,2023-09-06,2023-09-06,47254.78,Insumos
311,Fornecedor_13,2023-06-21,2023-07-15,2023-07-15,49161.62,Tecnologia
312,Fornecedor_18,2023-07-04,2023-07-24,2023-07-29,38392.67,Medicamentos
313,Fornecedor_7,2023-03-15,2023-04-06,2023-04-11,45682.65,Medicamentos
314,Fornecedor_7,2023-11-05,2023-11-17,2023-11-16,9821.55,Insumos
315,Fornecedor_14,2023-03-31,2023-04-12,2023-04-11,26852.59,Tecnologia
316,Fornecedor_9,2023-01-28,2023-02-02,2023-02-02,10247.83,Tecnologia
317,Fornecedor_5,2023-02-13,2023-02-20,2023-02-20,6879.06,Insumos
318,Fornecedor_3,2023-01-02,2023-01-26,2023-01-25,2465.96,Insumos
319,Fornecedor_3,2023-12-05,2023-12-14,2023-12-18,48621.6,Insumos
320,Fornecedor_7,2023-05-08,2023-05-29,2023-05-31,43218.33,Insumos
321,Fornecedor_8,2023-04-05,2023-04-23,2023-04-29,39998.25,Equipamentos
322,Fornecedor_11,2023-12-07,2023-12-16,2023-12-16,8365.37,Equipamentos
323,Fornecedor_6,2023-01-31,2023-02-09,2023-02-09,11100.4,Medicamentos
324,Fornecedor_7,2023-12-26,2024-01-02,2023-12-31,9310.46,Equipamentos
325,Fornecedor_8,2023-03-06,2023-03-29,2023-04-04,24211.43,Insumos
326,Fornecedor_13,2023-05-31,2023-06-09,2023-06-08,10292.77,Insumos
327,Fornecedor_17,2023-04-09,2023-04-26,2023-04-25,34886.51,Tecnologia
328,Fornecedor_6,2023-11-05,2023-11-13,2023-11-13,46554.81,Tecnologia
329,Fornecedor_10,2023-05-12,2023-05-17,2023-05-19,9319.84,Insumos
330,Fornecedor_20,2023-03-12,2023-04-04,2023-04-06,5093.49,Equipamentos
331,Fornecedor_15,2023-05-21,2023-06-14,2023-06-14,30508.93,Equipamentos
332,Fornecedor_20,2023-10-23,2023-11-02,2023-11-01,17263.27,Tecnologia
333,Fornecedor_1,2023-08-19,2023-08-25,2023-08-24,45538.64,Tecnologia
334,Fornecedor_7,2023-03-25,2023-03-30,2023-04-04,32323.73,Tecnologia
335,Fornecedor_17,2023-08-28,2023-09-11,2023-09-11,13158.77,Equipamentos
336,Fornecedor_7,2023-06-26,2023-07-04,2023-07-08,25005.03,Medicamentos
337,Fornecedor_19,2023-11-14,2023-11-25,2023-11-23,19146.04,Equipamentos
338,Fornecedor_15,2023-09-27,2023-10-13,2023-10-12,25434.03,Medicamentos
339,Fornecedor_2,2023-06-14,2023-07-01,2023-07-05,27651.19,Insumos
340,Fornecedor_7,2023-10-07,2023-10-23,2023-10-25,27404.28,Tecnologia
341,Fornecedor_3,2023-05-03,2023-05-15,2023-05-18,3813.33,Tecnologia
342,Fornecedor_19,2023-09-07,2023-09-28,2023-10-02,49212.02,Tecnologia
343,Fornecedor_7,2023-12-18,2023-12-23,2023-12-25,16414.32,Equipamentos
344,Fornecedor_14,2023-02-23,2023-03-08,2023-03-06,35140.83,Medicamentos
345,Fornecedor_7,2023-06-19,2023-07-05,2023-07-08,49305.83,Tecnologia
346,Fornecedor_2,2023-12-11,2024-01-04,2024-01-03,22714.99,Equipamentos
347,Fornecedor_14,2023-09-04,2023-09-19,2023-09-25,18397.65,Equipamentos
348,Fornecedor_17,2023-08-10,2023-09-01,2023-09-01,20683.46,Insumos
349,Fornecedor_7,2023-09-02,2023-09-25,2023-09-23,17625.93,Equipamentos
350,Fornecedor_7,2023-07-24,2023-08-08,2023-08-07,15154.03,Tecnologia
351,Fornecedor_5,2023-12-05,2023-12-17,2023-12-18,29423.42,Equipamentos
352,Fornecedor_8,2023-12-29,2024-01-09,2024-01-09,6891.03,Tecnologia
353,Fornecedor_13,2023-04-16,2023-04-28,2023-04-26,40599.26,Insumos
354,Fornecedor_20,2023-02-06,2023-02-26,2023-02-24,42204.26,Medicamentos
355,Fornecedor_8,2023-04-23,2023-05-10,2023-05-11,15775.22,Equipamentos
356,Fornecedor_12,2023-05-25,2023-06-18,2023-06-17,4096.56,Equipamentos
357,Fornecedor_20,2023-06-08,2023-06-13,2023-06-12,5814.21,Insumos
358,Fornecedor_4,2023-04-26,2023-05-04,2023-05-08,13724.35,Insumos
359,Fornecedor_9,2023-04-17,2023-05-11,2023-05-11,16010.97,Tecnologia
360,Fornecedor_11,2023-08-01,2023-08-21,2023-08-21,13988.47,Equipamentos
361,Fornecedor_6,2023-10-19,2023-10-27,2023-10-25,25510.77,Equipamentos
362,Fornecedor_12,2023-12-04,2023-12-26,2023-12-25,22440.5,Tecnologia
363,Fornecedor_19,2023-09-16,2023-09-23,2023-09-22,48445.23,Insumos
364,Fornecedor_2,2023-08-02,2023-08-22,2023-08-25,19025.92,Equipamentos
365,Fornecedor_16,2023-04-04,2023-04-09,2023-04-13,39222.78,Medicamentos
366,Fornecedor_2,2023-06-14,2023-07-08,2023-07-10,33012.35,Tecnologia
367,Fornecedor_5,2023-04-20,2023-05-07,2023-05-05,39290.34,Medicamentos
368,Fornecedor_7,2023-10-30,2023-11-04,2023-11-04,36276.22,Insumos
369,Fornecedor_20,2023-12-03,2023-12-09,2023-12-11,36501.2,Tecnologia
370,Fornecedor_3,2023-10-11,2023-10-29,2023-10-28,35433.16,Medicamentos
371,Fornecedor_13,2023-11-25,2023-12-10,2023-12-10,17151.4,Medicamentos
372,Fornecedor_20,2023-01-29,2023-02-15,2023-02-17,22696.82,Insumos
373,Fornecedor_12,2023-05-11,2023-05-30,2023-05-29,19456.85,Insumos
374,Fornecedor_17,2023-08-16,2023-09-04,2023-09-06,46192.43,Tecnologia
375,Fornecedor_8,2023-10-20,2023-11-06,2023-11-06,9477.31,Medicamentos
376,Fornecedor_7,2023-08-17,2023-09-02,2023-09-02,41828.45,Medicamentos
377,Fornecedor_1,2023-06-18,2023-07-01,2023-07-07,35685.79,Tecnologia
378,Fornecedor_10,2023-01-19,2023-01-24,2023-01-23,30968.65,Insumos
379,Fornecedor_2,2023-08-14,2023-09-04,2023-09-04,41506.7,Insumos
380,Fornecedor_20,2023-11-16,2023-11-27,2023-11-26,14418.64,Medicamentos
381,Fornecedor_10,2023-02-16,2023-03-06,2023-03-06,10554.74,Medicamentos
382,Fornecedor_7,2023-12-27,2024-01-04,2024-01-03,22682.58,Medicamentos
383,Fornecedor_9,2023-08-06,2023-08-18,2023-08-16,23704.26,Medicamentos
384,Fornecedor_14,2023-04-23,2023-05-12,2023-05-16,26948.71,Medicamentos
385,Fornecedor_17,2023-12-24,2024-01-15,2024-01-14,7258.0,Equipamentos
386,Fornecedor_19,2023-01-03,2023-01-24,2023-01-23,30119.76,Insumos
387,Fornecedor_9,2023-04-09,2023-04-28,2023-04-27,27267.99,Equipamentos
388,Fornecedor_14,2023-10-12,2023-10-30,2023-10-30,29555.59,Insumos
389,Fornecedor_11,2023-07-26,2023-08-19,2023-08-18,29101.28,Tecnologia
390,Fornecedor_10,2023-07-23,2023-08-12,2023-08-11,6854.14,Equipamentos
391,Fornecedor_4,2023-06-20,2023-06-26,2023-06-24,36020.68,Tecnologia
392,Fornecedor_2,2023-10-10,2023-10-24,2023-10-22,25602.88,Equipamentos
393,Fornecedor_10,2023-08-21,2023-08-29,2023-09-02,8766.58,Medicamentos
394,Fornecedor_14,2023-02-28,2023-03-24,2023-03-22,39477.43,Equipamentos
395,Fornecedor_7,2023-02-07,2023-02-14,2023-02-17,37611.48,Equipamentos
396,Fornecedor_15,2023-08-26,2023-09-01,2023-08-31,17285.94,Insumos
397,Fornecedor_5,2023-08-23,2023-08-31,2023-09-04,2131.32,Equipamentos
398,Fornecedor_1,2023-09-25,2023-10-14,2023-10-17,14520.22,Tecnologia
399,Fornecedor_19,2023-01-07,2023-01-19,2023-01-20,17343.21,Insumos
400,Fornecedor_13,2023-04-07,2023-04-12,2023-04-13,31215.36,Tecnologia
401,Fornecedor_4,2023-05-23,2023-05-31,2023-05-29,22204.31,Medicamentos
402,Fornecedor_18,2023-04-11,2023-04-19,2023-04-18,13177.0,Insumos
403,Fornecedor_20,2023-12-10,2023-12-15,2023-12-17,20042.02,Tecnologia
404,Fornecedor_7,2023-07-23,2023-08-11,2023-08-10,16670.87,Tecnologia
405,Fornecedor_9,2023-07-11,2023-07-19,2023-07-18,40266.55,Tecnologia
406,Fornecedor_2,2023-02-02,2023-02-11,2023-02-11,49347.32,Equipamentos
407,Fornecedor_2,2023-04-21,2023-04-26,2023-04-25,11219.63,Medicamentos
408,Fornecedor_7,2023-12-14,2023-12-27,2023-12-27,20084.36,Medicamentos
409,Fornecedor_13,2023-06-27,2023-07-16,2023-07-15,29886.37,Equipamentos
410,Fornecedor_7,2023-05-09,2023-05-28,2023-05-27,31214.83,Medicamentos
411,Fornecedor_20,2023-05-31,2023-06-13,2023-06-11,6260.85,Equipamentos
412,Fornecedor_3,2023-04-08,2023-04-28,2023-04-27,28689.17,Insumos
413,Fornecedor_19,2023-06-14,2023-06-26,2023-06-28,25783.88,Tecnologia
414,Fornecedor_4,2023-10-11,2023-10-26,2023-10-24,36645.05,Medicamentos
415,Fornecedor_7,2023-06-06,2023-06-25,2023-06-25,24394.09,Tecnologia
416,Fornecedor_19,2023-02-22,2023-03-18,2023-03-16,48995.26,Insumos
417,Fornecedor_1,2023-04-13,2023-05-06,2023-05-06,47095.13,Equipamentos
418,Fornecedor_11,2023-08-11,2023-08-30,2023-08-28,28193.09,Medicamentos
419,Fornecedor_4,2023-11-03,2023-11-18,2023-11-17,6951.05,Equipamentos
420,Fornecedor_8,2023-10-30,2023-11-07,2023-11-07,44364.9,Insumos
421,Fornecedor_10,2023-01-08,2023-01-30,2023-01-28,30893.12,Tecnologia
422,Fornecedor_3,2023-09-30,2023-10-20,2023-10-19,29622.05,Equipamentos
423,Fornecedor_6,2023-08-20,2023-08-29,2023-08-29,11406.42,Equipamentos
424,Fornecedor_8,2023-06-07,2023-06-17,2023-06-19,32921.39,Tecnologia
425,Fornecedor_8,2023-09-28,2023-10-12,2023-10-10,23269.35,Equipamentos
426,Fornecedor_18,2023-12-27,2024-01-05,2024-01-03,35236.04,Insumos
427,Fornecedor_3,2023-01-31,2023-02-13,2023-02-13,30846.35,Insumos
428,Fornecedor_10,2023-05-17,2023-06-07,2023-06-07,20107.9,Tecnologia
429,Fornecedor_13,2023-06-18,2023-07-01,2023-07-02,14472.03,Insumos
430,Fornecedor_8,2023-06-08,2023-06-19,2023-06-17,41163.52,Medicamentos
431,Fornecedor_14,2023-08-09,2023-08-20,2023-08-18,15647.59,Medicamentos
432,Fornecedor_13,2023-07-12,2023-07-31,2023-07-31,42993.45,Insumos
433,Fornecedor_7,2023-08-20,2023-09-04,2023-09-05,3470.66,Insumos
434,Fornecedor_7,2023-05-21,2023-05-30,2023-05-30,37388.68,Insumos
435,Fornecedor_6,2023-05-26,2023-05-31,2023-06-01,41358.53,Insumos
436,Fornecedor_8,2023-09-08,2023-09-17,2023-09-16,36954.95,Equipamentos
437,Fornecedor_6,2023-01-11,2023-01-28,2023-01-31,46127.48,Insumos
438,Fornecedor_16,2023-01-29,2023-02-08,2023-02-07,34772.14,Insumos
439,Fornecedor_3,2023-12-04,2023-12-18,2023-12-18,11330.96,Tecnologia
440,Fornecedor_9,2023-05-14,2023-06-06,2023-06-04,13947.11,Tecnologia
441,Fornecedor_16,2023-02-12,2023-03-05,2023-03-03,4943.5,Tecnologia
442,Fornecedor_3,2023-03-28,2023-04-20,2023-04-20,24256.34,Tecnologia
443,Fornecedor_20,2023-11-10,2023-11-18,2023-11-16,13929.14,Insumos
444,Fornecedor_7,2023-11-09,2023-11-20,2023-11-18,34992.49,Tecnologia
445,Fornecedor_2,2023-03-20,2023-04-02,2023-03-31,11463.59,Medicamentos
446,Fornecedor_12,2023-12-10,2023-12-30,2024-01-05,41064.32,Equipamentos
447,Fornecedor_5,2023-07-29,2023-08-10,2023-08-10,46096.88,Equipamentos
448,Fornecedor_19,2023-07-20,2023-07-27,2023-07-26,41049.28,Equipamentos
449,Fornecedor_17,2023-11-01,2023-11-23,2023-11-23,26363.0,Equipamentos
450,Fornecedor_14,2023-10-03,2023-10-11,2023-10-11,10241.66,Insumos
451,Fornecedor_7,2023-06-03,2023-06-09,2023-06-08,46957.62,Tecnologia
452,Fornecedor_17,2023-11-30,2023-12-20,2023-12-20,30410.95,Medicamentos
453,Fornecedor_6,2023-09-30,2023-10-20,2023-10-23,31534.34,Insumos
454,Fornecedor_1,2023-09-18,2023-10-08,2023-10-14,35191.44,Insumos
455,Fornecedor_15,2023-06-05,2023-06-12,2023-06-18,13303.89,Equipamentos
456,Fornecedor_3,2023-11-21,2023-11-28,2023-11-30,7189.15,Medicamentos
457,Fornecedor_16,2023-05-12,2023-06-05,2023-06-04,15046.55,Tecnologia
458,Fornecedor_19,2023-07-06,2023-07-29,2023-08-04,31976.48,Insumos
459,Fornecedor_15,2023-01-13,2023-01-24,2023-01-22,27238.29,Insumos
460,Fornecedor_9,2023-05-11,2023-05-26,2023-05-31,4392.44,Medicamentos
461,Fornecedor_1,2023-11-29,2023-12-22,2023-12-21,24924.09,Medicamentos
462,Fornecedor_5,2023-12-19,2024-01-10,2024-01-12,16919.44,Equipamentos
463,Fornecedor_3,2023-12-19,2024-01-10,2024-01-10,42948.1,Tecnologia
464,Fornecedor_6,2023-11-14,2023-11-24,2023-11-22,44623.04,Insumos
465,Fornecedor_6,2023-12-23,2024-01-05,2024-01-04,30429.79,Insumos
466,Fornecedor_17,2023-11-27,2023-12-16,2023-12-19,15798.7,Medicamentos
467,Fornecedor_9,2023-06-08,2023-07-01,2023-06-29,44198.82,Medicamentos
468,Fornecedor_15,2023-05-14,2023-06-03,2023-06-02,25151.59,Insumos
469,Fornecedor_19,2023-05-25,2023-06-18,2023-06-18,32370.2,Insumos
470,Fornecedor_16,2023-12-18,2023-12-23,2023-12-29,49555.14,Medicamentos
471,Fornecedor_4,2023-04-07,2023-04-17,2023-04-17,45851.34,Tecnologia
472,Fornecedor_17,2023-08-25,2023-09-07,2023-09-08,19852.3,Tecnologia
473,Fornecedor_14,2023-10-15,2023-11-07,2023-11-13,49302.7,Insumos
474,Fornecedor_5,2023-08-24,2023-09-07,2023-09-13,10749.87,Tecnologia
475,Fornecedor_13,2023-04-10,2023-04-19,2023-04-17,31019.44,Medicamentos
476,Fornecedor_9,2023-10-28,2023-11-18,2023-11-18,6621.96,Tecnologia
477,Fornecedor_16,2023-10-08,2023-10-28,2023-10-28,23879.71,Medicamentos
478,Fornecedor_6,2023-12-02,2023-12-07,2023-12-05,38500.63,Insumos
479,Fornecedor_16,2023-01-22,2023-02-15,2023-02-14,42943.34,Insumos
480,Fornecedor_7,2023-11-30,2023-12-14,2023-12-14,36145.79,Insumos
481,Fornecedor_9,2023-02-03,2023-02-14,2023-02-14,46882.19,Medicamentos
482,Fornecedor_12,2023-01-05,2023-01-10,2023-01-10,44722.75,Medicamentos
483,Fornecedor_4,2023-02-09,2023-03-02,2023-03-01,8572.04,Medicamentos
484,Fornecedor_8,2023-05-05,2023-05-28,2023-05-26,46049.7,Insumos
485,Fornecedor_15,2023-03-09,2023-03-30,2023-03-30,25110.49,Equipamentos
486,Fornecedor_15,2023-06-12,2023-06-18,2023-06-18,39786.9,Tecnologia
487,Fornecedor_3,2023-06-12,2023-06-26,2023-06-28,29903.36,Equipamentos
488,Fornecedor_5,2023-02-12,2023-02-17,2023-02-15,31622.65,Tecnologia
489,Fornecedor_16,2023-12-01,2023-12-18,2023-12-16,29048.44,Insumos
490,Fornecedor_14,2023-07-30,2023-08-04,2023-08-05,9036.41,Equipamentos
491,Fornecedor_19,2023-12-25,2024-01-07,2024-01-09,16752.7,Insumos
492,Fornecedor_20,2023-02-08,2023-03-02,2023-02-28,24307.13,Medicamentos
493,Fornecedor_5,2023-06-26,2023-07-20,2023-07-19,21433.63,Equipamentos
494,Fornecedor_9,2023-05-03,2023-05-09,2023-05-09,21040.69,Equipamentos
495,Fornecedor_17,2023-07-29,2023-08-21,2023-08-21,7784.98,Medicamentos
496,Fornecedor_20,2023-09-19,2023-10-08,2023-10-06,47387.35,Medicamentos
497,Fornecedor_3,2023-08-19,2023-08-27,2023-08-29,45766.34,Insumos
498,Fornecedor_10,2023-08-08,2023-08-15,2023-08-15,13338.93,Equipamentos
499,Fornecedor_9,2023-10-24,2023-11-15,2023-11-15,35957.97,Tecnologia
500,Fornecedor_9,2023-07-17,2023-07-28,2023-07-27,40101.59,Insumos
501,Fornecedor_4,2023-01-06,2023-01-16,2023-01-22,40546.25,Medicamentos
502,Fornecedor_20,2023-01-08,2023-01-14,2023-01-12,6226.32,Insumos
503,Fornecedor_3,2023-10-21,2023-11-07,2023-11-06,2681.69,Tecnologia
504,Fornecedor_15,2023-12-28,2024-01-07,2024-01-09,15494.03,Medicamentos
505,Fornecedor_19,2023-12-01,2023-12-21,2023-12-26,3555.74,Tecnologia
506,Fornecedor_7,2023-02-03,2023-02-09,2023-02-08,26000.6,Insumos
507,Fornecedor_20,2023-01-28,2023-02-08,2023-02-08,9844.63,Insumos
508,Fornecedor_5,2023-06-29,2023-07-19,2023-07-19,46214.25,Tecnologia
509,Fornecedor_8,2023-03-19,2023-03-27,2023-03-26,26849.27,Insumos
510,Fornecedor_20,2023-01-31,2023-02-05,2023-02-10,25949.99,Equipamentos
511,Fornecedor_20,2023-06-24,2023-07-11,2023-07-09,10784.06,Medicamentos
512,Fornecedor_15,2023-01-10,2023-01-29,2023-02-02,25910.84,Tecnologia
513,Fornecedor_11,2023-11-20,2023-11-28,2023-11-26,2004.65,Tecnologia
514,Fornecedor_14,2023-09-17,2023-09-24,2023-09-25,2079.07,Equipamentos
515,Fornecedor_16,2023-11-07,2023-11-23,2023-11-22,24325.84,Insumos
516,Fornecedor_18,2023-12-20,2024-01-03,2024-01-02,13117.06,Tecnologia
517,Fornecedor_4,2023-08-16,2023-09-04,2023-09-03,3619.02,Tecnologia
518,Fornecedor_17,2023-03-22,2023-04-13,2023-04-18,4097.48,Tecnologia
519,Fornecedor_17,2023-10-12,2023-10-30,2023-10-28,15667.23,Equipamentos
520,Fornecedor_15,2023-06-15,2023-07-08,2023-07-08,42824.17,Tecnologia
521,Fornecedor_15,2023-12-01,2023-12-10,2023-12-10,6166.8,Medicamentos
522,Fornecedor_14,2023-12-26,2024-01-07,2024-01-06,19739.23,Medicamentos
523,Fornecedor_13,2023-02-22,2023-03-02,2023-02-28,22250.85,Insumos
524,Fornecedor_8,2023-10-30,2023-11-16,2023-11-15,46679.05,Medicamentos
525,Fornecedor_19,2023-03-05,2023-03-27,2023-03-27,13103.31,Tecnologia
526,Fornecedor_16,2023-05-04,2023-05-22,2023-05-22,49451.22,Insumos
527,Fornecedor_4,2023-08-10,2023-08-22,2023-08-21,5386.33,Insumos
528,Fornecedor_15,2023-05-27,2023-06-10,2023-06-11,10055.17,Tecnologia
529,Fornecedor_6,2023-06-07,2023-06-20,2023-06-20,11624.78,Insumos
530,Fornecedor_16,2023-02-09,2023-02-21,2023-02-26,39249.11,Medicamentos
531,Fornecedor_7,2023-10-12,2023-10-17,2023-10-16,18880.19,Tecnologia
532,Fornecedor_4,2023-02-24,2023-03-18,2023-03-18,3541.61,Insumos
533,Fornecedor_1,2023-01-30,2023-02-13,2023-02-17,35712.93,Equipamentos
534,Fornecedor_20,2023-07-03,2023-07-15,2023-07-14,27605.21,Medicamentos
535,Fornecedor_3,2023-12-26,2024-01-01,2023-12-31,3993.69,Insumos
536,Fornecedor_18,2023-12-13,2023-12-21,2023-12-21,41921.67,Medicamentos
537,Fornecedor_13,2023-12-29,2024-01-14,2024-01-13,9703.6,Insumos
538,Fornecedor_8,2023-05-26,2023-06-07,2023-06-07,39680.15,Tecnologia
539,Fornecedor_13,2023-03-13,2023-04-05,2023-04-11,22942.98,Tecnologia
540,Fornecedor_1,2023-04-02,2023-04-25,2023-04-24,38587.46,Equipamentos
541,Fornecedor_12,2023-07-04,2023-07-10,2023-07-10,10759.3,Tecnologia
542,Fornecedor_13,2023-02-21,2023-02-28,2023-02-28,32066.27,Tecnologia
543,Fornecedor_18,2023-07-24,2023-07-31,2023-07-30,16177.24,Equipamentos
544,Fornecedor_6,2023-03-04,2023-03-26,2023-03-24,9505.28,Medicamentos
545,Fornecedor_10,2023-04-13,2023-04-29,2023-04-28,25646.74,Equipamentos
546,Fornecedor_20,2023-06-29,2023-07-22,2023-07-28,48674.08,Equipamentos
547,Fornecedor_10,2023-04-07,2023-04-23,2023-04-22,32248.22,Medicamentos
548,Fornecedor_7,2023-01-31,2023-02-16,2023-02-19,4186.24,Tecnologia
549,Fornecedor_16,2023-05-31,2023-06-24,2023-06-28,4578.25,Tecnologia
550,Fornecedor_2,2023-09-19,2023-09-27,2023-09-25,25267.25,Medicamentos
551,Fornecedor_8,2023-04-06,2023-04-30,2023-04-28,32981.28,Medicamentos
552,Fornecedor_13,2023-12-28,2024-01-02,2024-01-01,27316.04,Tecnologia
553,Fornecedor_5,2023-07-24,2023-08-17,2023-08-16,23531.57,Medicamentos
554,Fornecedor_5,2023-04-27,2023-05-19,2023-05-19,31349.7,Tecnologia
555,Fornecedor_10,2023-01-23,2023-01-28,2023-01-28,9137.19,Insumos
556,Fornecedor_16,2023-08-10,2023-08-18,2023-08-23,33049.15,Medicamentos
557,Fornecedor_18,2023-10-13,2023-11-04,2023-11-04,7510.91,Equipamentos
558,Fornecedor_10,2023-01-19,2023-01-29,2023-01-28,39668.24,Medicamentos
559,Fornecedor_14,2023-02-22,2023-03-10,2023-03-09,41455.45,Equipamentos
560,Fornecedor_20,2023-05-03,2023-05-13,2023-05-12,24061.93,Equipamentos
561,Fornecedor_16,2023-02-01,2023-02-15,2023-02-15,17496.97,Tecnologia
562,Fornecedor_16,2023-11-02,2023-11-21,2023-11-21,5440.33,Insumos
563,Fornecedor_19,2023-08-15,2023-08-30,2023-08-31,33111.14,Insumos
564,Fornecedor_9,2023-08-10,2023-08-15,2023-08-19,45312.54,Equipamentos
565,Fornecedor_12,2023-06-23,2023-07-04,2023-07-04,39590.31,Tecnologia
566,Fornecedor_19,2023-08-24,2023-09-08,2023-09-06,38498.27,Medicamentos
567,Fornecedor_3,2023-12-09,2023-12-22,2023-12-21,43549.98,Equipamentos
568,Fornecedor_20,2023-09-29,2023-10-22,2023-10-21,35279.37,Medicamentos
569,Fornecedor_3,2023-07-19,2023-08-01,2023-07-30,30599.71,Equipamentos
570,Fornecedor_7,2023-06-26,2023-07-06,2023-07-09,7127.34,Tecnologia
571,Fornecedor_18,2023-07-31,2023-08-21,2023-08-19,39352.67,Medicamentos
572,Fornecedor_1,2023-10-11,2023-10-31,2023-11-03,48998.02,Insumos
573,Fornecedor_15,2023-10-27,2023-11-09,2023-11-07,23629.68,Insumos
574,Fornecedor_17,2023-05-28,2023-06-12,2023-06-15,21477.15,Insumos
575,Fornecedor_4,2023-03-21,2023-04-13,2023-04-11,38749.95,Medicamentos
576,Fornecedor_19,2023-11-23,2023-12-08,2023-12-10,39278.84,Insumos
577,Fornecedor_10,2023-12-11,2023-12-24,2023-12-24,18135.03,Tecnologia
578,Fornecedor_13,2023-08-03,2023-08-12,2023-08-10,41840.09,Equipamentos
579,Fornecedor_11,2023-01-12,2023-02-03,2023-02-07,10226.37,Insumos
580,Fornecedor_2,2023-08-18,2023-09-10,2023-09-08,13752.72,Tecnologia
581,Fornecedor_15,2023-04-04,2023-04-26,2023-04-25,44319.66,Insumos
582,Fornecedor_2,2023-09-29,2023-10-18,2023-10-16,28660.76,Tecnologia
583,Fornecedor_17,2023-06-29,2023-07-17,2023-07-16,44624.64,Medicamentos
584,Fornecedor_1,2023-12-09,2023-12-30,2023-12-30,15654.09,Medicamentos
585,Fornecedor_18,2023-02-15,2023-03-09,2023-03-07,34901.12,Medicamentos
586,Fornecedor_9,2023-05-31,2023-06-21,2023-06-26,42422.26,Insumos
587,Fornecedor_9,2023-04-20,2023-05-12,2023-05-16,40257.55,Equipamentos
588,Fornecedor_15,2023-04-14,2023-05-08,2023-05-08,28111.98,Tecnologia
589,Fornecedor_16,2023-06-18,2023-07-07,2023-07-12,27889.38,Insumos
590,Fornecedor_10,2023-06-22,2023-07-07,2023-07-07,12558.12,Insumos
591,Fornecedor_14,2023-10-01,2023-10-10,2023-10-08,31127.91,Medicamentos
592,Fornecedor_16,2023-12-30,2024-01-11,2024-01-11,25651.03,Insumos
593,Fornecedor_5,2023-03-30,2023-04-06,2023-04-11,35975.11,Medicamentos
594,Fornecedor_16,2023-08-19,2023-09-02,2023-09-02,44590.82,Equipamentos
595,Fornecedor_11,2023-08-29,2023-09-06,2023-09-06,36428.59,Medicamentos
596,Fornecedor_8,2023-12-20,2024-01-12,2024-01-10,26662.0,Equipamentos
597,Fornecedor_7,2023-03-24,2023-04-11,2023-04-13,23284.61,Medicamentos
598,Fornecedor_10,2023-01-15,2023-01-31,2023-01-30,9961.62,Medicamentos
599,Fornecedor_20,2023-06-14,2023-07-02,2023-07-02,5150.47,Insumos
600,Fornecedor_19,2023-01-27,2023-02-03,2023-02-02,37776.96,Insumos
601,Fornecedor_13,2023-12-11,2024-01-02,2024-01-05,4018.91,Equipamentos
602,Fornecedor_8,2023-01-23,2023-01-30,2023-01-28,39915.52,Medicamentos
603,Fornecedor_16,2023-10-18,2023-11-11,2023-11-16,8823.44,Medicamentos
604,Fornecedor_16,2023-12-17,2023-12-25,2023-12-25,5268.12,Medicamentos
605,Fornecedor_11,2023-01-22,2023-02-15,2023-02-14,25714.64,Medicamentos
606,Fornecedor_8,2023-07-16,2023-07-23,2023-07-24,44770.12,Medicamentos
607,Fornecedor_9,2023-06-26,2023-07-11,2023-07-11,35696.81,Insumos
608,Fornecedor_17,2023-04-29,2023-05-12,2023-05-12,20093.13,Medicamentos
609,Fornecedor_3,2023-05-27,2023-06-12,2023-06-12,12007.71,Equipamentos
610,Fornecedor_5,2023-12-20,2024-01-11,2024-01-12,45742.8,Tecnologia
611,Fornecedor_4,2023-05-20,2023-05-29,2023-05-31,13715.57,Insumos
612,Fornecedor_8,2023-05-20,2023-06-08,2023-06-13,25760.36,Insumos
613,Fornecedor_18,2023-11-29,2023-12-07,2023-12-06,29285.17,Tecnologia
614,Fornecedor_8,2023-03-10,2023-03-23,2023-03-26,15145.03,Medicamentos
615,Fornecedor_15,2023-06-23,2023-07-09,2023-07-15,26610.45,Insumos
616,Fornecedor_12,2023-07-12,2023-07-20,2023-07-26,42625.08,Equipamentos
617,Fornecedor_20,2023-03-31,2023-04-13,2023-04-16,12165.02,Insumos
618,Fornecedor_12,2023-02-10,2023-03-04,2023-03-04,29409.36,Tecnologia
619,Fornecedor_14,2023-09-21,2023-10-15,2023-10-19,6696.28,Tecnologia
620,Fornecedor_3,2023-09-21,2023-10-10,2023-10-10,23581.23,Insumos
621,Fornecedor_13,2023-09-04,2023-09-09,2023-09-08,36629.41,Equipamentos
622,Fornecedor_4,2023-10-17,2023-10-24,2023-10-23,44573.04,Medicamentos
623,Fornecedor_19,2023-02-28,2023-03-24,2023-03-26,11425.86,Tecnologia
624,Fornecedor_15,2023-09-21,2023-10-14,2023-10-12,47782.84,Medicamentos
625,Fornecedor_13,2023-06-12,2023-07-03,2023-07-03,5336.6,Tecnologia
626,Fornecedor_15,2023-05-13,2023-05-28,2023-05-31,40034.25,Medicamentos
627,Fornecedor_2,2023-04-29,2023-05-18,2023-05-16,8380.4,Medicamentos
628,Fornecedor_8,2023-12-26,2024-01-15,2024-01-17,48151.58,Tecnologia
629,Fornecedor_4,2023-06-28,2023-07-08,2023-07-08,15030.02,Insumos
630,Fornecedor_9,2023-03-18,2023-03-31,2023-03-31,15818.43,Medicamentos
631,Fornecedor_15,2023-09-12,2023-09-23,2023-09-21,43443.77,Medicamentos
632,Fornecedor_11,2023-12-19,2024-01-12,2024-01-12,25456.55,Insumos
633,Fornecedor_16,2023-04-25,2023-05-12,2023-05-11,29310.98,Insumos
634,Fornecedor_3,2023-04-03,2023-04-09,2023-04-15,41031.09,Insumos
635,Fornecedor_2,2023-11-24,2023-12-03,2023-12-02,45620.28,Tecnologia
636,Fornecedor_16,2023-08-09,2023-09-01,2023-09-02,24449.03,Equipamentos
637,Fornecedor_12,2023-08-28,2023-09-06,2023-09-04,40089.25,Medicamentos
638,Fornecedor_4,2023-06-03,2023-06-24,2023-06-22,43506.94,Tecnologia
639,Fornecedor_9,2023-09-05,2023-09-24,2023-09-29,15419.71,Insumos
640,Fornecedor_7,2023-12-20,2024-01-06,2024-01-04,17397.26,Medicamentos
641,Fornecedor_13,2023-01-02,2023-01-10,2023-01-09,20443.13,Insumos
642,Fornecedor_1,2023-09-27,2023-10-09,2023-10-15,31943.14,Insumos
643,Fornecedor_4,2023-04-27,2023-05-16,2023-05-15,22091.35,Tecnologia
644,Fornecedor_2,2023-02-08,2023-02-13,2023-02-12,36374.98,Insumos
645,Fornecedor_16,2023-08-02,2023-08-10,2023-08-10,20934.12,Equipamentos
646,Fornecedor_20,2023-06-16,2023-07-02,2023-06-30,23617.16,Tecnologia
647,Fornecedor_6,2023-06-11,2023-06-24,2023-06-22,27275.66,Tecnologia
648,Fornecedor_1,2023-09-15,2023-09-22,2023-09-22,16644.7,Medicamentos
649,Fornecedor_13,2023-09-03,2023-09-09,2023-09-13,24020.59,Equipamentos
650,Fornecedor_12,2023-04-24,2023-05-13,2023-05-13,4347.07,Medicamentos
651,Fornecedor_2,2023-04-25,2023-05-03,2023-05-03,3468.47,Equipamentos
652,Fornecedor_3,2023-10-22,2023-10-28,2023-10-28,7964.44,Medicamentos
653,Fornecedor_17,2023-01-29,2023-02-05,2023-02-05,7656.55,Insumos
654,Fornecedor_20,2023-07-23,2023-08-05,2023-08-04,14308.6,Insumos
655,Fornecedor_20,2023-04-25,2023-05-15,2023-05-21,27248.43,Tecnologia
656,Fornecedor_5,2023-12-22,2024-01-09,2024-01-07,21131.37,Equipamentos
657,Fornecedor_2,2023-02-01,2023-02-16,2023-02-18,2676.5,Equipamentos
658,Fornecedor_19,2023-06-29,2023-07-20,2023-07-18,49813.82,Insumos
659,Fornecedor_9,2023-03-08,2023-03-28,2023-03-28,26544.61,Equipamentos
660,Fornecedor_11,2023-11-20,2023-12-05,2023-12-05,48734.21,Insumos
661,Fornecedor_1,2023-11-27,2023-12-14,2023-12-12,16692.71,Equipamentos
662,Fornecedor_18,2023-09-19,2023-09-25,2023-09-24,26517.8,Insumos
663,Fornecedor_5,2023-01-01,2023-01-06,2023-01-07,31047.32,Insumos
664,Fornecedor_13,2023-11-25,2023-12-03,2023-12-03,12818.86,Tecnologia
665,Fornecedor_18,2023-12-31,2024-01-22,2024-01-22,48862.33,Equipamentos
666,Fornecedor_16,2023-10-08,2023-10-13,2023-10-17,43125.26,Equipamentos
667,Fornecedor_10,2023-05-25,2023-06-05,2023-06-03,38294.62,Equipamentos
668,Fornecedor_15,2023-12-19,2023-12-27,2023-12-25,24946.88,Medicamentos
669,Fornecedor_12,2023-08-13,2023-08-28,2023-08-26,24557.71,Medicamentos
670,Fornecedor_13,2023-10-25,2023-11-04,2023-11-03,29768.95,Equipamentos
671,Fornecedor_4,2023-06-02,2023-06-08,2023-06-07,5110.28,Insumos
672,Fornecedor_20,2023-10-05,2023-10-14,2023-10-12,10166.6,Medicamentos
673,Fornecedor_1,2023-02-16,2023-03-02,2023-03-08,16947.63,Equipamentos
674,Fornecedor_14,2023-10-19,2023-11-07,2023-11-06,46004.68,Tecnologia
675,Fornecedor_17,2023-11-15,2023-11-20,2023-11-19,12407.11,Tecnologia
676,Fornecedor_9,2023-03-10,2023-03-22,2023-03-20,10568.69,Insumos
677,Fornecedor_19,2023-11-15,2023-12-01,2023-12-01,24263.94,Equipamentos
678,Fornecedor_15,2023-02-02,2023-02-20,2023-02-20,25886.62,Medicamentos
679,Fornecedor_17,2023-09-07,2023-09-17,2023-09-15,46688.42,Tecnologia
680,Fornecedor_1,2023-02-15,2023-03-02,2023-03-04,32721.73,Tecnologia
681,Fornecedor_4,2023-12-11,2023-12-19,2023-12-23,4909.35,Medicamentos
682,Fornecedor_17,2023-12-25,2024-01-06,2024-01-12,19122.39,Tecnologia
683,Fornecedor_17,2023-02-27,2023-03-17,2023-03-19,36809.04,Equipamentos
684,Fornecedor_1,2023-06-03,2023-06-13,2023-06-11,5125.7,Medicamentos
685,Fornecedor_4,2023-10-16,2023-11-06,2023-11-11,2333.84,Medicamentos
686,Fornecedor_11,2023-12-27,2024-01-12,2024-01-10,48961.92,Insumos
687,Fornecedor_9,2023-02-03,2023-02-22,2023-02-21,20129.56,Insumos
688,Fornecedor_5,2023-05-15,2023-05-27,2023-06-02,28379.6,Insumos
689,Fornecedor_1,2023-07-13,2023-07-29,2023-07-27,34726.46,Insumos
690,Fornecedor_19,2023-11-04,2023-11-09,2023-11-08,34239.31,Insumos
691,Fornecedor_13,2023-02-01,2023-02-20,2023-02-18,31548.01,Insumos
692,Fornecedor_18,2023-09-09,2023-09-28,2023-09-26,16593.05,Equipamentos
693,Fornecedor_15,2023-05-22,2023-05-28,2023-05-31,33287.41,Medicamentos
694,Fornecedor_15,2023-05-08,2023-05-27,2023-06-02,48104.87,Equipamentos
695,Fornecedor_9,2023-05-24,2023-05-29,2023-05-27,49319.26,Insumos
696,Fornecedor_16,2023-10-13,2023-11-01,2023-10-30,20880.2,Medicamentos
697,Fornecedor_13,2023-03-08,2023-03-15,2023-03-14,28064.08,Insumos
698,Fornecedor_16,2023-08-28,2023-09-05,2023-09-03,17013.4,Equipamentos
699,Fornecedor_19,2023-03-03,2023-03-15,2023-03-15,19455.85,Tecnologia
700,Fornecedor_16,2023-07-31,2023-08-12,2023-08-11,8131.43,Insumos
701,Fornecedor_12,2023-04-07,2023-04-19,2023-04-19,6436.68,Medicamentos
702,Fornecedor_13,2023-02-28,2023-03-21,2023-03-21,16714.14,Insumos
703,Fornecedor_10,2023-08-21,2023-08-28,2023-08-26,22835.31,Medicamentos
704,Fornecedor_17,2023-10-14,2023-10-24,2023-10-23,29014.79,Equipamentos
705,Fornecedor_18,2023-07-05,2023-07-16,2023-07-19,26416.87,Medicamentos
706,Fornecedor_1,2023-04-07,2023-04-30,2023-05-06,23332.97,Equipamentos
707,Fornecedor_3,2023-10-30,2023-11-23,2023-11-21,5549.65,Insumos
708,Fornecedor_12,2023-12-06,2023-12-26,2023-12-25,16284.0,Equipamentos
709,Fornecedor_14,2023-10-25,2023-11-13,2023-11-11,32594.12,Tecnologia
710,Fornecedor_10,2023-10-04,2023-10-17,2023-10-19,33257.3,Insumos
711,Fornecedor_8,2023-02-10,2023-02-28,2023-02-27,30311.12,Equipamentos
712,Fornecedor_18,2023-04-21,2023-05-08,2023-05-13,13551.06,Medicamentos
713,Fornecedor_7,2023-05-13,2023-05-23,2023-05-21,28233.19,Tecnologia
714,Fornecedor_2,2023-09-23,2023-10-09,2023-10-09,22058.7,Medicamentos
715,Fornecedor_10,2023-05-05,2023-05-25,2023-05-24,35887.5,Medicamentos
716,Fornecedor_5,2023-08-07,2023-08-26,2023-08-26,5344.27,Equipamentos
717,Fornecedor_5,2023-03-16,2023-04-07,2023-04-09,16335.82,Equipamentos
718,Fornecedor_9,2023-05-30,2023-06-06,2023-06-06,26103.82,Medicamentos
719,Fornecedor_15,2023-09-04,2023-09-15,2023-09-15,22513.74,Medicamentos
720,Fornecedor_15,2023-06-16,2023-07-01,2023-07-05,36990.12,Insumos
721,Fornecedor_6,2023-10-21,2023-10-31,2023-10-29,2374.82,Tecnologia
722,Fornecedor_17,2023-02-13,2023-03-01,2023-02-28,20046.94,Equipamentos
723,Fornecedor_16,2023-04-14,2023-05-01,2023-05-07,19536.06,Tecnologia
724,Fornecedor_8,2023-02-03,2023-02-14,2023-02-20,7408.62,Tecnologia
725,Fornecedor_12,2023-04-06,2023-04-19,2023-04-19,49156.76,Insumos
726,Fornecedor_5,2023-07-19,2023-08-05,2023-08-04,47089.21,Equipamentos
727,Fornecedor_4,2023-03-11,2023-03-30,2023-04-02,7196.49,Medicamentos
728,Fornecedor_10,2023-07-18,2023-08-06,2023-08-04,37060.32,Medicamentos
729,Fornecedor_16,2023-01-24,2023-02-16,2023-02-15,26147.83,Tecnologia
730,Fornecedor_5,2023-08-03,2023-08-15,2023-08-14,5665.01,Medicamentos
731,Fornecedor_16,2023-04-17,2023-05-10,2023-05-10,9001.4,Tecnologia
732,Fornecedor_5,2023-02-09,2023-02-23,2023-02-28,6950.83,Medicamentos
733,Fornecedor_13,2023-02-01,2023-02-20,2023-02-26,49768.32,Medicamentos
734,Fornecedor_17,2023-10-21,2023-10-27,2023-10-26,44742.01,Tecnologia
735,Fornecedor_14,2023-02-08,2023-02-28,2023-02-26,15370.21,Insumos
736,Fornecedor_13,2023-07-04,2023-07-18,2023-07-19,34923.81,Insumos
737,Fornecedor_20,2023-12-10,2023-12-27,2023-12-26,37490.82,Insumos
738,Fornecedor_8,2023-03-08,2023-03-26,2023-03-26,17573.81,Medicamentos
739,Fornecedor_8,2023-09-24,2023-10-03,2023-10-05,24907.12,Equipamentos
740,Fornecedor_4,2023-01-17,2023-01-29,2023-01-29,9736.38,Insumos
741,Fornecedor_13,2023-10-14,2023-10-24,2023-10-24,47391.53,Medicamentos
742,Fornecedor_20,2023-12-31,2024-01-11,2024-01-09,40514.75,Tecnologia
743,Fornecedor_13,2023-07-07,2023-07-23,2023-07-23,4667.62,Insumos
744,Fornecedor_8,2023-02-23,2023-03-01,2023-03-01,28181.91,Equipamentos
745,Fornecedor_8,2023-05-02,2023-05-26,2023-05-30,49236.95,Equipamentos
746,Fornecedor_3,2023-08-29,2023-09-19,2023-09-25,26877.66,Tecnologia
747,Fornecedor_2,2023-09-01,2023-09-19,2023-09-18,48938.89,Equipamentos
748,Fornecedor_6,2023-11-02,2023-11-15,2023-11-15,3598.24,Equipamentos
749,Fornecedor_3,2023-12-30,2024-01-06,2024-01-05,18504.02,Tecnologia
750,Fornecedor_8,2023-06-24,2023-06-29,2023-06-27,13740.41,Medicamentos
751,Fornecedor_3,2023-06-05,2023-06-25,2023-06-25,14250.88,Tecnologia
752,Fornecedor_10,2023-06-11,2023-07-05,2023-07-04,37241.96,Equipamentos
753,Fornecedor_7,2023-11-25,2023-12-04,2023-12-09,42820.65,Equipamentos
754,Fornecedor_11,2023-03-10,2023-03-22,2023-03-20,41633.6,Medicamentos
755,Fornecedor_14,2023-02-09,2023-02-15,2023-02-17,20221.51,Medicamentos
756,Fornecedor_14,2023-12-20,2024-01-02,2024-01-02,12514.5,Equipamentos
757,Fornecedor_5,2023-02-03,2023-02-16,2023-02-15,44821.6,Equipamentos
758,Fornecedor_19,2023-09-28,2023-10-03,2023-10-02,17339.11,Insumos
759,Fornecedor_7,2023-03-19,2023-03-30,2023-03-29,5794.55,Equipamentos
760,Fornecedor_20,2023-03-03,2023-03-08,2023-03-06,11100.73,Tecnologia
761,Fornecedor_14,2023-12-08,2023-12-20,2023-12-18,41082.53,Insumos
762,Fornecedor_17,2023-02-06,2023-02-17,2023-02-17,48060.98,Medicamentos
763,Fornecedor_4,2023-09-26,2023-10-18,2023-10-18,36311.32,Insumos
764,Fornecedor_20,2023-10-10,2023-11-02,2023-11-06,15952.78,Tecnologia
765,Fornecedor_15,2023-12-05,2023-12-16,2023-12-15,18497.57,Tecnologia
766,Fornecedor_8,2023-09-08,2023-09-16,2023-09-15,12575.28,Medicamentos
767,Fornecedor_2,2023-01-13,2023-01-28,2023-02-03,3922.09,Tecnologia
768,Fornecedor_11,2023-08-22,2023-09-14,2023-09-14,44894.17,Tecnologia
769,Fornecedor_12,2023-12-22,2024-01-12,2024-01-12,27709.71,Medicamentos
770,Fornecedor_1,2023-10-09,2023-10-31,2023-10-31,31234.92,Medicamentos
771,Fornecedor_15,2023-08-18,2023-09-03,2023-09-03,19400.89,Insumos
772,Fornecedor_9,2023-06-19,2023-07-08,2023-07-08,9496.01,Equipamentos
773,Fornecedor_1,2023-04-18,2023-05-03,2023-05-08,11733.1,Equipamentos
774,Fornecedor_1,2023-02-25,2023-03-08,2023-03-07,29077.1,Medicamentos
775,Fornecedor_10,2023-02-25,2023-03-10,2023-03-09,33564.68,Insumos
776,Fornecedor_13,2023-05-24,2023-05-31,2023-06-05,39533.53,Insumos
777,Fornecedor_17,2023-10-24,2023-10-30,2023-10-31,21836.54,Medicamentos
778,Fornecedor_16,2023-11-13,2023-11-18,2023-11-16,11422.21,Medicamentos
779,Fornecedor_14,2023-03-12,2023-03-29,2023-03-29,18592.37,Insumos
780,Fornecedor_16,2023-06-28,2023-07-09,2023-07-14,16722.39,Tecnologia
781,Fornecedor_1,2023-06-10,2023-06-20,2023-06-21,49375.26,Equipamentos
782,Fornecedor_11,2023-08-07,2023-08-17,2023-08-16,26337.75,Equipamentos
783,Fornecedor_13,2023-10-04,2023-10-23,2023-10-21,35673.62,Insumos
784,Fornecedor_4,2023-11-05,2023-11-10,2023-11-13,22522.68,Tecnologia
785,Fornecedor_14,2023-02-08,2023-02-18,2023-02-16,37099.32,Insumos
786,Fornecedor_20,2023-07-28,2023-08-09,2023-08-13,28323.44,Equipamentos
787,Fornecedor_7,2023-11-05,2023-11-15,2023-11-13,48356.54,Equipamentos
788,Fornecedor_13,2023-03-31,2023-04-21,2023-04-20,27210.85,Medicamentos
789,Fornecedor_18,2023-10-03,2023-10-12,2023-10-10,7088.8,Medicamentos
790,Fornecedor_8,2023-03-06,2023-03-11,2023-03-11,47025.31,Medicamentos
791,Fornecedor_15,2023-02-12,2023-03-02,2023-03-01,22205.38,Tecnologia
792,Fornecedor_7,2023-10-31,2023-11-11,2023-11-13,36543.54,Equipamentos
793,Fornecedor_6,2023-04-08,2023-04-13,2023-04-12,47428.76,Tecnologia
794,Fornecedor_12,2023-01-02,2023-01-12,2023-01-12,23284.03,Tecnologia
795,Fornecedor_19,2023-03-31,2023-04-20,2023-04-22,48092.84,Equipamentos
796,Fornecedor_9,2023-02-08,2023-02-18,2023-02-18,35325.21,Insumos
797,Fornecedor_13,2023-01-19,2023-01-25,2023-01-24,47613.07,Medicamentos
798,Fornecedor_14,2023-10-23,2023-10-28,2023-11-02,26992.01,Tecnologia
799,Fornecedor_18,2023-12-21,2024-01-07,2024-01-05,20326.79,Insumos
800,Fornecedor_16,2023-05-08,2023-05-29,2023-05-27,30811.95,Medicamentos
801,Fornecedor_4,2023-09-29,2023-10-04,2023-10-03,21219.69,Medicamentos
802,Fornecedor_5,2023-10-21,2023-10-27,2023-10-25,11673.47,Insumos
803,Fornecedor_5,2023-06-14,2023-07-08,2023-07-07,45598.64,Medicamentos
804,Fornecedor_3,2023-12-21,2024-01-11,2024-01-09,28171.84,Insumos
805,Fornecedor_13,2023-05-08,2023-05-22,2023-05-20,35939.91,Medicamentos
806,Fornecedor_4,2023-08-27,2023-09-13,2023-09-19,17206.53,Tecnologia
807,Fornecedor_18,2023-09-15,2023-09-30,2023-09-30,35042.08,Equipamentos
808,Fornecedor_12,2023-02-02,2023-02-24,2023-02-24,7548.46,Equipamentos
809,Fornecedor_10,2023-06-08,2023-06-27,2023-06-27,17291.52,Medicamentos
810,Fornecedor_15,2023-01-08,2023-01-20,2023-01-21,3520.15,Tecnologia
811,Fornecedor_12,2023-04-23,2023-05-10,2023-05-09,26784.75,Tecnologia
812,Fornecedor_2,2023-02-20,2023-03-04,2023-03-03,43685.4,Insumos
813,Fornecedor_19,2023-06-28,2023-07-09,2023-07-09,46615.34,Medicamentos
814,Fornecedor_17,2023-06-10,2023-07-03,2023-07-02,27944.77,Equipamentos
815,Fornecedor_19,2023-10-27,2023-11-01,2023-11-07,35378.18,Tecnologia
816,Fornecedor_14,2023-07-17,2023-08-01,2023-07-31,13477.82,Equipamentos
817,Fornecedor_18,2023-01-02,2023-01-19,2023-01-17,21225.18,Insumos
818,Fornecedor_12,2023-04-08,2023-04-18,2023-04-16,46529.44,Medicamentos
819,Fornecedor_5,2023-06-29,2023-07-15,2023-07-14,7516.66,Insumos
820,Fornecedor_15,2023-01-31,2023-02-20,2023-02-19,40239.19,Medicamentos
821,Fornecedor_6,2023-03-24,2023-03-31,2023-03-31,18163.09,Insumos
822,Fornecedor_20,2023-06-27,2023-07-16,2023-07-18,6509.85,Tecnologia
823,Fornecedor_16,2023-12-04,2023-12-15,2023-12-13,33699.3,Tecnologia
824,Fornecedor_9,2023-08-12,2023-08-27,2023-08-25,17984.41,Medicamentos
825,Fornecedor_13,2023-09-11,2023-09-17,2023-09-20,26511.51,Tecnologia
826,Fornecedor_11,2023-01-19,2023-01-27,2023-01-27,48989.67,Tecnologia
827,Fornecedor_7,2023-06-24,2023-07-08,2023-07-08,24951.64,Medicamentos
828,Fornecedor_12,2023-06-22,2023-07-04,2023-07-04,31992.62,Tecnologia
829,Fornecedor_13,2023-08-08,2023-08-19,2023-08-24,46655.95,Equipamentos
830,Fornecedor_8,2023-05-18,2023-06-01,2023-05-30,39881.41,Tecnologia
831,Fornecedor_12,2023-03-19,2023-03-24,2023-03-22,42453.83,Insumos
832,Fornecedor_19,2023-11-16,2023-12-09,2023-12-09,42294.37,Insumos
833,Fornecedor_8,2023-06-01,2023-06-07,2023-06-12,26055.2,Tecnologia
834,Fornecedor_10,2023-04-06,2023-04-15,2023-04-21,32304.04,Insumos
835,Fornecedor_15,2023-09-01,2023-09-18,2023-09-18,28347.08,Equipamentos
836,Fornecedor_20,2023-07-07,2023-07-18,2023-07-17,5402.54,Medicamentos
837,Fornecedor_2,2023-08-18,2023-09-11,2023-09-10,19239.35,Medicamentos
838,Fornecedor_18,2023-05-06,2023-05-17,2023-05-17,25043.77,Medicamentos
839,Fornecedor_8,2023-03-06,2023-03-24,2023-03-22,24900.63,Insumos
840,Fornecedor_16,2023-05-10,2023-05-31,2023-05-30,17703.93,Insumos
841,Fornecedor_19,2023-03-26,2023-04-02,2023-04-04,17321.41,Insumos
842,Fornecedor_10,2023-08-22,2023-09-11,2023-09-13,41782.92,Tecnologia
843,Fornecedor_13,2023-03-10,2023-03-17,2023-03-16,5791.12,Equipamentos
844,Fornecedor_7,2023-02-24,2023-03-08,2023-03-08,38798.01,Medicamentos
845,Fornecedor_13,2023-01-26,2023-02-10,2023-02-09,46979.99,Tecnologia
846,Fornecedor_15,2023-09-08,2023-09-30,2023-09-29,38504.03,Equipamentos
847,Fornecedor_16,2023-02-26,2023-03-21,2023-03-21,4416.3,Tecnologia
848,Fornecedor_8,2023-04-03,2023-04-10,2023-04-10,19425.5,Insumos
849,Fornecedor_5,2023-09-22,2023-10-06,2023-10-11,47062.6,Insumos
850,Fornecedor_7,2023-11-29,2023-12-04,2023-12-03,6552.2,Medicamentos
851,Fornecedor_9,2023-06-24,2023-07-06,2023-07-05,29363.72,Medicamentos
852,Fornecedor_15,2023-01-12,2023-01-22,2023-01-21,29737.79,Medicamentos
853,Fornecedor_4,2023-05-17,2023-05-30,2023-05-31,2018.86,Equipamentos
854,Fornecedor_18,2023-11-27,2023-12-11,2023-12-09,13570.37,Equipamentos
855,Fornecedor_20,2023-06-01,2023-06-07,2023-06-07,36417.14,Medicamentos
856,Fornecedor_1,2023-12-11,2023-12-27,2023-12-30,36662.52,Medicamentos
857,Fornecedor_19,2023-08-06,2023-08-13,2023-08-12,21348.93,Insumos
858,Fornecedor_10,2023-07-30,2023-08-12,2023-08-11,45592.2,Equipamentos
859,Fornecedor_11,2023-01-06,2023-01-23,2023-01-21,40025.22,Insumos
860,Fornecedor_2,2023-06-20,2023-07-06,2023-07-04,40742.11,Tecnologia
861,Fornecedor_5,2023-10-30,2023-11-12,2023-11-10,25372.22,Tecnologia
862,Fornecedor_11,2023-01-22,2023-01-29,2023-01-28,5321.61,Equipamentos
863,Fornecedor_6,2023-04-28,2023-05-21,2023-05-24,8968.9,Medicamentos
864,Fornecedor_4,2023-03-15,2023-03-29,2023-03-29,47057.86,Equipamentos
865,Fornecedor_17,2023-05-27,2023-06-03,2023-06-01,48364.6,Equipamentos
866,Fornecedor_2,2023-06-01,2023-06-21,2023-06-19,17751.8,Tecnologia
867,Fornecedor_14,2023-02-15,2023-02-22,2023-02-22,39258.42,Insumos
868,Fornecedor_6,2023-02-22,2023-03-15,2023-03-17,38712.13,Tecnologia
869,Fornecedor_18,2023-07-02,2023-07-24,2023-07-22,10065.22,Tecnologia
870,Fornecedor_6,2023-06-18,2023-06-24,2023-06-24,4017.16,Insumos
871,Fornecedor_17,2023-08-30,2023-09-15,2023-09-14,38048.42,Medicamentos
872,Fornecedor_7,2023-11-25,2023-12-01,2023-12-07,16258.54,Equipamentos
873,Fornecedor_9,2023-10-06,2023-10-28,2023-10-26,27992.3,Medicamentos
874,Fornecedor_20,2023-01-03,2023-01-08,2023-01-07,24632.98,Medicamentos
875,Fornecedor_2,2023-08-03,2023-08-19,2023-08-22,31764.75,Tecnologia
876,Fornecedor_18,2023-09-15,2023-09-25,2023-09-23,23474.56,Equipamentos
877,Fornecedor_5,2023-03-14,2023-04-02,2023-04-05,46690.75,Tecnologia
878,Fornecedor_11,2023-11-04,2023-11-20,2023-11-19,41522.48,Tecnologia
879,Fornecedor_1,2023-08-04,2023-08-21,2023-08-21,11517.43,Tecnologia
880,Fornecedor_5,2023-03-19,2023-04-09,2023-04-09,49166.09,Insumos
881,Fornecedor_10,2023-11-15,2023-11-24,2023-11-26,18011.62,Insumos
882,Fornecedor_6,2023-02-18,2023-03-12,2023-03-11,27396.76,Tecnologia
883,Fornecedor_15,2023-09-14,2023-10-03,2023-10-01,29768.52,Insumos
884,Fornecedor_2,2023-02-12,2023-02-26,2023-02-26,35461.56,Tecnologia
885,Fornecedor_1,2023-10-23,2023-11-16,2023-11-22,30109.91,Insumos
886,Fornecedor_16,2023-01-04,2023-01-09,2023-01-11,6557.38,Insumos
887,Fornecedor_11,2023-10-27,2023-11-08,2023-11-07,31358.45,Insumos
888,Fornecedor_18,2023-02-23,2023-02-28,2023-03-05,26499.45,Equipamentos
889,Fornecedor_18,2023-12-21,2024-01-09,2024-01-10,28675.58,Insumos
890,Fornecedor_20,2023-12-20,2024-01-10,2024-01-09,2820.71,Tecnologia
891,Fornecedor_20,2023-11-28,2023-12-08,2023-12-08,11221.88,Tecnologia
892,Fornecedor_3,2023-07-07,2023-07-28,2023-07-27,9273.19,Medicamentos
893,Fornecedor_8,2023-11-19,2023-11-28,2023-11-27,47104.74,Equipamentos
894,Fornecedor_18,2023-11-27,2023-12-08,2023-12-12,8181.73,Insumos
895,Fornecedor_1,2023-04-02,2023-04-14,2023-04-14,32775.21,Tecnologia
896,Fornecedor_8,2023-09-19,2023-10-03,2023-10-01,4778.05,Insumos
897,Fornecedor_14,2023-01-27,2023-02-03,2023-02-05,15785.13,Medicamentos
898,Fornecedor_14,2023-02-01,2023-02-08,2023-02-11,31724.44,Medicamentos
899,Fornecedor_16,2023-01-12,2023-01-21,2023-01-26,39832.47,Medicamentos
900,Fornecedor_10,2023-07-02,2023-07-20,2023-07-24,26414.61,Equipamentos
901,Fornecedor_15,2023-05-10,2023-05-17,2023-05-16,32228.77,Equipamentos
902,Fornecedor_17,2023-01-14,2023-01-22,2023-01-22,26127.81,Equipamentos
903,Fornecedor_11,2023-03-01,2023-03-06,2023-03-07,36349.57,Insumos
904,Fornecedor_10,2023-07-29,2023-08-05,2023-08-10,34950.15,Insumos
905,Fornecedor_2,2023-05-17,2023-05-28,2023-05-26,9314.96,Equipamentos
906,Fornecedor_9,2023-02-08,2023-03-01,2023-03-04,19912.05,Equipamentos
907,Fornecedor_20,2023-11-23,2023-12-03,2023-12-02,47372.32,Medicamentos
908,Fornecedor_17,2023-11-29,2023-12-21,2023-12-21,30399.79,Insumos
909,Fornecedor_12,2023-11-26,2023-12-07,2023-12-05,27862.59,Equipamentos
910,Fornecedor_13,2023-01-06,2023-01-29,2023-02-03,34760.89,Insumos
911,Fornecedor_1,2023-03-26,2023-04-14,2023-04-14,44892.6,Insumos
912,Fornecedor_19,2023-07-07,2023-07-17,2023-07-22,34886.4,Tecnologia
913,Fornecedor_5,2023-02-01,2023-02-06,2023-02-05,27018.35,Equipamentos
914,Fornecedor_14,2023-01-08,2023-01-22,2023-01-22,31296.62,Insumos
915,Fornecedor_16,2023-08-24,2023-08-30,2023-08-29,19314.38,Medicamentos
916,Fornecedor_17,2023-11-19,2023-12-11,2023-12-17,5052.73,Tecnologia
917,Fornecedor_2,2023-06-10,2023-06-28,2023-06-27,39325.31,Tecnologia
918,Fornecedor_1,2023-12-05,2023-12-13,2023-12-12,3868.07,Insumos
919,Fornecedor_6,2023-10-28,2023-11-11,2023-11-11,13801.93,Tecnologia
920,Fornecedor_20,2023-11-17,2023-12-04,2023-12-04,25998.84,Insumos
921,Fornecedor_11,2023-02-07,2023-02-24,2023-02-23,5956.44,Insumos
922,Fornecedor_19,2023-06-25,2023-07-13,2023-07-17,8269.04,Tecnologia
923,Fornecedor_12,2023-12-07,2023-12-21,2023-12-26,31314.02,Equipamentos
924,Fornecedor_4,2023-09-29,2023-10-10,2023-10-16,24310.52,Equipamentos
925,Fornecedor_1,2023-02-22,2023-03-12,2023-03-18,12893.78,Equipamentos
926,Fornecedor_12,2023-07-17,2023-08-05,2023-08-11,7344.2,Medicamentos
927,Fornecedor_10,2023-12-12,2023-12-24,2023-12-24,25697.62,Tecnologia
928,Fornecedor_11,2023-01-29,2023-02-10,2023-02-10,13883.02,Tecnologia
929,Fornecedor_18,2023-10-03,2023-10-10,2023-10-11,12456.38,Equipamentos
930,Fornecedor_1,2023-10-01,2023-10-06,2023-10-05,33632.32,Equipamentos
931,Fornecedor_12,2023-09-19,2023-10-03,2023-10-09,14048.33,Equipamentos
932,Fornecedor_5,2023-08-26,2023-09-14,2023-09-14,36838.9,Equipamentos
933,Fornecedor_18,2023-07-27,2023-08-14,2023-08-17,21441.41,Equipamentos
934,Fornecedor_2,2023-09-12,2023-10-04,2023-10-02,13257.7,Insumos
935,Fornecedor_18,2023-05-26,2023-06-09,2023-06-07,35039.69,Medicamentos
936,Fornecedor_10,2023-07-29,2023-08-13,2023-08-12,32828.02,Insumos
937,Fornecedor_3,2023-01-08,2023-01-19,2023-01-18,30006.2,Tecnologia
938,Fornecedor_18,2023-01-18,2023-01-25,2023-01-24,4725.2,Medicamentos
939,Fornecedor_11,2023-08-31,2023-09-18,2023-09-17,7598.84,Insumos
940,Fornecedor_11,2023-03-28,2023-04-16,2023-04-16,35072.69,Insumos
941,Fornecedor_15,2023-11-14,2023-11-19,2023-11-23,34417.18,Insumos
942,Fornecedor_12,2023-11-17,2023-12-02,2023-12-01,26045.56,Tecnologia
943,Fornecedor_10,2023-01-08,2023-01-31,2023-02-04,17939.11,Tecnologia
944,Fornecedor_15,2023-10-13,2023-11-06,2023-11-05,7395.21,Medicamentos
945,Fornecedor_11,2023-07-03,2023-07-18,2023-07-17,22133.47,Equipamentos
946,Fornecedor_4,2023-10-12,2023-10-21,2023-10-26,35266.17,Medicamentos
947,Fornecedor_20,2023-02-13,2023-03-01,2023-02-27,14088.94,Insumos
948,Fornecedor_1,2023-02-25,2023-03-20,2023-03-23,48668.69,Tecnologia
949,Fornecedor_13,2023-08-21,2023-09-01,2023-08-31,18727.44,Equipamentos
950,Fornecedor_11,2023-09-19,2023-09-28,2023-09-28,38624.08,Medicamentos
951,Fornecedor_7,2023-11-03,2023-11-23,2023-11-23,15289.74,Insumos
952,Fornecedor_4,2023-12-15,2023-12-27,2023-12-26,13626.22,Equipamentos
953,Fornecedor_3,2023-07-11,2023-08-01,2023-08-04,40236.22,Tecnologia
954,Fornecedor_19,2023-06-30,2023-07-19,2023-07-17,27701.95,Medicamentos
955,Fornecedor_20,2023-04-16,2023-04-26,2023-04-26,32278.42,Insumos
956,Fornecedor_4,2023-08-15,2023-08-23,2023-08-22,35145.52,Equipamentos
957,Fornecedor_1,2023-11-30,2023-12-13,2023-12-16,44716.17,Insumos
958,Fornecedor_19,2023-06-15,2023-07-08,2023-07-09,16098.49,Equipamentos
959,Fornecedor_4,2023-09-18,2023-10-07,2023-10-05,14815.12,Equipamentos
960,Fornecedor_9,2023-10-27,2023-11-17,2023-11-17,47882.3,Tecnologia
961,Fornecedor_14,2023-05-20,2023-06-06,2023-06-04,41344.21,Equipamentos
962,Fornecedor_13,2023-01-30,2023-02-09,2023-02-08,49237.67,Medicamentos
963,Fornecedor_1,2023-11-29,2023-12-23,2023-12-21,8762.37,Medicamentos
964,Fornecedor_1,2023-06-28,2023-07-15,2023-07-15,19073.58,Equipamentos
965,Fornecedor_16,2023-08-21,2023-09-05,2023-09-05,23962.0,Equipamentos
966,Fornecedor_6,2023-06-29,2023-07-12,2023-07-10,5950.39,Equipamentos
967,Fornecedor_3,2023-06-20,2023-07-06,2023-07-09,38027.64,Equipamentos
968,Fornecedor_18,2023-05-06,2023-05-19,2023-05-18,25718.11,Medicamentos
969,Fornecedor_3,2023-03-31,2023-04-20,2023-04-20,38706.49,Insumos
970,Fornecedor_3,2023-02-13,2023-02-23,2023-02-23,32966.75,Insumos
971,Fornecedor_11,2023-09-12,2023-09-22,2023-09-22,48574.95,Medicamentos
972,Fornecedor_12,2023-04-15,2023-05-06,2023-05-04,26683.97,Insumos
973,Fornecedor_5,2023-12-11,2024-01-02,2023-12-31,22641.01,Medicamentos
974,Fornecedor_14,2023-04-06,2023-04-15,2023-04-16,13283.88,Insumos
975,Fornecedor_17,2023-10-12,2023-10-30,2023-11-03,40742.97,Tecnologia
976,Fornecedor_13,2023-03-06,2023-03-29,2023-03-27,35359.56,Equipamentos
977,Fornecedor_9,2023-04-25,2023-05-18,2023-05-21,31498.92,Insumos
978,Fornecedor_10,2023-08-03,2023-08-15,2023-08-13,13492.02,Medicamentos
979,Fornecedor_10,2023-09-12,2023-10-04,2023-10-03,16689.24,Tecnologia
980,Fornecedor_18,2023-11-11,2023-11-21,2023-11-27,34099.58,Equipamentos
981,Fornecedor_13,2023-12-11,2024-01-04,2024-01-04,34170.84,Medicamentos
982,Fornecedor_10,2023-05-08,2023-05-21,2023-05-25,19026.27,Equipamentos
983,Fornecedor_8,2023-11-04,2023-11-24,2023-11-30,20336.99,Tecnologia
984,Fornecedor_19,2023-01-11,2023-01-20,2023-01-25,37554.37,Insumos
985,Fornecedor_4,2023-12-30,2024-01-20,2024-01-19,22754.29,Tecnologia
986,Fornecedor_1,2023-02-01,2023-02-06,2023-02-05,9358.03,Medicamentos
987,Fornecedor_9,2023-01-10,2023-01-25,2023-01-25,47280.86,Tecnologia
988,Fornecedor_14,2023-04-14,2023-04-24,2023-04-24,6962.14,Equipamentos
989,Fornecedor_15,2023-05-15,2023-05-27,2023-05-26,31639.99,Equipamentos
990,Fornecedor_15,2023-06-08,2023-06-27,2023-06-27,29883.33,Insumos
991,Fornecedor_7,2023-11-20,2023-12-05,2023-12-05,43278.16,Medicamentos
992,Fornecedor_10,2023-05-27,2023-06-15,2023-06-14,4775.02,Tecnologia
993,Fornecedor_1,2023-05-21,2023-05-31,2023-05-30,9969.86,Tecnologia
994,Fornecedor_1,2023-11-26,2023-12-13,2023-12-11,19255.26,Medicamentos
995,Fornecedor_7,2023-03-16,2023-04-05,2023-04-03,34746.61,Medicamentos
996,Fornecedor_20,2023-12-14,2023-12-24,2023-12-22,3272.83,Insumos
997,Fornecedor_4,2023-08-02,2023-08-19,2023-08-17,44541.23,Medicamentos
998,Fornecedor_5,2023-02-23,2023-03-15,2023-03-15,24742.7,Insumos
999,Fornecedor_3,2023-06-20,2023-07-04,2023-07-05,45415.37,Equipamentos
1000,Fornecedor_10,2023-05-15,2023-05-27,2023-05-30,35808.03,Tecnologia
